time_s,note,hz,confidence,intensity,register,is_voiced
0.0,A3,223.31,0.5914,2.831,medio-grave,True
0.05,A3,222.9,0.8988,7.7736,medio-grave,True
0.1,A3,221.01,0.8676,13.8183,medio-grave,True
0.15,A3,220.7,0.7189,17.2918,medio-grave,True
0.2,A3,221.34,0.8675,17.4814,medio-grave,True
0.25,A3,221.66,0.857,16.8257,medio-grave,True
0.3,A3,221.64,0.7624,16.2309,medio-grave,True
0.35,A3,220.37,0.8308,16.0273,medio-grave,True
0.4,A3,220.56,0.8404,17.6888,medio-grave,True
0.45,A3,220.57,0.8763,18.2838,medio-grave,True
0.5,A3,219.36,0.6897,18.1761,medio-grave,True
0.55,A3,221.02,0.8904,18.318,medio-grave,True
0.6,A3,220.5,0.8332,18.3917,medio-grave,True
0.65,A3,221.21,0.8688,18.2779,medio-grave,True
0.7,A3,221.85,0.7412,18.331,medio-grave,True
0.75,A3,219.23,0.8831,18.2707,medio-grave,True
0.8,A3,219.87,0.8506,18.2506,medio-grave,True
0.85,A3,220.48,0.8384,18.3046,medio-grave,True
0.9,A3,220.42,0.8724,18.3118,medio-grave,True
0.95,A3,221.87,0.859,18.2758,medio-grave,True
1.0,A3,221.25,0.881,18.2808,medio-grave,True
1.05,A3,219.5,0.7808,18.3273,medio-grave,True
1.1,A3,220.76,0.9092,18.3268,medio-grave,True
1.15,A3,220.46,0.8636,18.2348,medio-grave,True
1.2,A3,220.28,0.8556,18.3633,medio-grave,True
1.25,A3,219.05,0.8684,18.3367,medio-grave,True
1.3,A3,218.41,0.8966,18.2566,medio-grave,True
1.35,A3,222.74,0.9032,18.2233,medio-grave,True
1.4,A3,222.13,0.8057,18.203,medio-grave,True
1.45,A3,219.98,0.9204,18.3543,medio-grave,True
1.5,A3,220.92,0.8627,18.2528,medio-grave,True
1.55,A3,221.98,0.8927,18.2472,medio-grave,True
1.6,A3,220.75,0.8699,18.2016,medio-grave,True
1.65,A3,221.83,0.9244,18.2738,medio-grave,True
1.7,A3,222.01,0.8779,18.3518,medio-grave,True
1.75,A3,220.12,0.8608,18.3487,medio-grave,True
1.8,A3,222.2,0.9173,18.1692,medio-grave,True
1.85,A3,221.16,0.8988,18.2393,medio-grave,True
1.9,A3,221.19,0.8974,18.3471,medio-grave,True
1.95,A3,220.75,0.8356,18.3445,medio-grave,True
2.0,A3,221.57,0.9225,18.1938,medio-grave,True
2.05,A3,219.3,0.8718,18.2729,medio-grave,True
2.1,A3,219.47,0.884,18.0138,medio-grave,True
2.15,A3,220.17,0.8525,14.562,medio-grave,True
2.2,A3,219.85,0.9076,12.2012,medio-grave,True
2.25,A3,220.21,0.8782,10.3527,medio-grave,True
2.3,A3,222.81,0.8099,8.4568,medio-grave,True
2.35,A3,220.85,0.8858,6.5214,medio-grave,True
2.4,A3,221.58,0.8704,4.6073,medio-grave,True
2.45,A3,220.37,0.844,2.7975,medio-grave,True
2.5,A♯3,235.4,0.4231,4.7224,medio-grave,True
2.55,B3,246.03,0.8431,12.1541,medio-grave,True
2.6,B3,245.51,0.8385,17.7697,medio-grave,True
2.65,B3,247.79,0.788,19.0965,medio-grave,True
2.7,B3,248.65,0.8325,18.4718,medio-grave,True
2.75,B3,246.31,0.846,17.9464,medio-grave,True
2.8,B3,247.84,0.8499,18.8749,medio-grave,True
2.85,B3,249.38,0.6742,19.9767,medio-grave,True
2.9,B3,248.45,0.8664,20.0064,medio-grave,True
2.95,B3,248.42,0.8078,19.8964,medio-grave,True
3.0,B3,248.5,0.848,19.8194,medio-grave,True
3.05,B3,249.14,0.6907,19.9767,medio-grave,True
3.1,B3,247.23,0.875,19.882,medio-grave,True
3.15,B3,249.29,0.8334,19.8682,medio-grave,True
3.2,B3,244.83,0.8614,19.985,medio-grave,True
3.25,B3,244.03,0.8795,19.981,medio-grave,True
3.3,B3,248.09,0.8076,19.8846,medio-grave,True
3.35,B3,249.62,0.8492,19.9335,medio-grave,True
3.4,B3,243.6,0.8746,19.969,medio-grave,True
3.45,B3,249.06,0.8464,19.9488,medio-grave,True
3.5,B3,247.07,0.7476,19.8911,medio-grave,True
3.55,B3,247.5,0.8576,19.9324,medio-grave,True
3.6,B3,245.13,0.8811,19.9357,medio-grave,True
3.65,B3,247.95,0.847,19.966,medio-grave,True
3.7,B3,247.12,0.7931,19.9611,medio-grave,True
3.75,B3,245.52,0.8752,19.8423,medio-grave,True
3.8,B3,243.53,0.8657,19.9951,medio-grave,True
3.85,B3,247.53,0.7959,19.8462,medio-grave,True
3.9,B3,249.27,0.8676,19.9274,medio-grave,True
3.95,B3,246.11,0.751,20.0297,medio-grave,True
4.0,B3,249.51,0.8733,19.9616,medio-grave,True
4.05,B3,245.67,0.7971,19.8616,medio-grave,True
4.1,B3,247.89,0.8625,19.9256,medio-grave,True
4.15,B3,247.41,0.7723,19.9176,medio-grave,True
4.2,B3,247.79,0.8558,17.6986,medio-grave,True
4.25,B3,249.5,0.8508,14.2246,medio-grave,True
4.3,B3,247.17,0.8214,11.6876,medio-grave,True
4.35,B3,249.29,0.8251,9.054,medio-grave,True
4.4,B3,249.08,0.8554,6.4368,medio-grave,True
4.45,B3,246.02,0.8335,2.7982,medio-grave,True
4.5,C4,258.29,0.5603,4.8983,medio-grave,True
4.55,C4,263.56,0.8793,12.5866,medio-grave,True
4.6,C4,262.51,0.8688,19.1786,medio-grave,True
4.65,C4,264.19,0.8379,20.978,medio-grave,True
4.7,C4,263.59,0.8096,20.2145,medio-grave,True
4.75,C4,261.24,0.8773,19.2956,medio-grave,True
4.8,C4,260.5,0.8839,20.6463,medio-grave,True
4.85,C4,263.76,0.7545,21.7686,medio-grave,True
4.9,C4,264.14,0.8549,21.6833,medio-grave,True
4.95,C4,263.14,0.8514,21.8652,medio-grave,True
5.0,C4,262.36,0.8879,21.7761,medio-grave,True
5.05,C4,261.02,0.7326,21.7027,medio-grave,True
5.1,C4,263.02,0.8864,21.7742,medio-grave,True
5.15,C4,261.34,0.8625,21.6975,medio-grave,True
5.2,C4,261.53,0.7754,21.7067,medio-grave,True
5.25,C4,263.26,0.8506,21.736,medio-grave,True
5.3,C4,261.42,0.8853,21.7605,medio-grave,True
5.35,C4,262.85,0.8977,21.8111,medio-grave,True
5.4,C4,262.53,0.6713,21.8049,medio-grave,True
5.45,C4,260.11,0.8791,21.8807,medio-grave,True
5.5,C4,261.27,0.8565,21.7828,medio-grave,True
5.55,C4,260.57,0.8437,21.7718,medio-grave,True
5.6,C4,259.31,0.8409,21.7447,medio-grave,True
5.65,C4,261.82,0.8976,21.6957,medio-grave,True
5.7,C4,263.28,0.8725,21.6505,medio-grave,True
5.75,C4,262.78,0.7358,21.8932,medio-grave,True
5.8,C4,263.68,0.818,21.7414,medio-grave,True
5.85,C4,262.53,0.8742,21.6587,medio-grave,True
5.9,C4,263.66,0.8772,21.8211,medio-grave,True
5.95,C4,259.88,0.8452,21.7452,medio-grave,True
6.0,C4,264.45,0.8798,21.7847,medio-grave,True
6.05,C4,260.72,0.8357,21.781,medio-grave,True
6.1,C4,259.57,0.8313,21.7268,medio-grave,True
6.15,C4,260.06,0.8488,21.6823,medio-grave,True
6.2,C4,262.31,0.871,19.4946,medio-grave,True
6.25,C4,262.03,0.8833,15.7379,medio-grave,True
6.3,C4,259.28,0.8197,12.889,medio-grave,True
6.35,C4,257.39,0.8475,10.1128,medio-grave,True
6.4,C4,264.55,0.8465,5.9011,medio-grave,True
6.45,C4,259.78,0.8334,3.1913,medio-grave,True
6.5,D4,286.59,0.5035,4.877,medio-grave,True
6.55,D4,294.73,0.9383,13.049,medio-grave,True
6.6,D4,293.57,0.9196,20.4972,medio-grave,True
6.65,D4,291.46,0.9234,23.0111,medio-grave,True
6.7,D4,292.8,0.9105,21.7665,medio-grave,True
6.75,D4,292.38,0.9311,21.2076,medio-grave,True
6.8,D4,293.56,0.9391,22.3448,medio-grave,True
6.85,D4,290.17,0.905,23.73,medio-grave,True
6.9,D4,290.42,0.9124,23.737,medio-grave,True
6.95,D4,294.13,0.9084,23.667,medio-grave,True
7.0,D4,295.68,0.9367,23.7331,medio-grave,True
7.05,D4,289.47,0.8945,23.7545,medio-grave,True
7.1,D4,294.4,0.943,23.7836,medio-grave,True
7.15,D4,294.5,0.9172,23.8419,medio-grave,True
7.2,D4,292.5,0.9233,23.6457,medio-grave,True
7.25,D4,289.44,0.9155,23.7849,medio-grave,True
7.3,D4,292.85,0.9273,23.8176,medio-grave,True
7.35,D4,297.37,0.9293,23.7863,medio-grave,True
7.4,D4,293.8,0.7624,23.8481,medio-grave,True
7.45,D4,292.98,0.915,23.7699,medio-grave,True
7.5,D4,295.97,0.9002,23.7686,medio-grave,True
7.55,D4,293.35,0.9102,23.8257,medio-grave,True
7.6,D4,291.21,0.9172,23.6931,medio-grave,True
7.65,D4,292.82,0.9432,23.6844,medio-grave,True
7.7,D4,296.23,0.9127,23.6589,medio-grave,True
7.75,D4,295.38,0.8614,23.7399,medio-grave,True
7.8,D4,292.2,0.879,23.8901,medio-grave,True
7.85,D4,293.42,0.9381,23.8985,medio-grave,True
7.9,D4,295.74,0.9387,23.7375,medio-grave,True
7.95,D4,297.76,0.8109,23.7754,medio-grave,True
8.0,D4,292.93,0.9348,23.8292,medio-grave,True
8.05,D4,296.25,0.9157,23.7563,medio-grave,True
8.1,D4,293.94,0.9072,23.6644,medio-grave,True
8.15,D4,297.08,0.8521,23.7642,medio-grave,True
8.2,D4,294.26,0.9386,22.9163,medio-grave,True
8.25,D4,296.41,0.9251,17.624,medio-grave,True
8.3,D4,294.64,0.8121,15.8413,medio-grave,True
8.35,D4,295.02,0.9103,9.5995,medio-grave,True
8.4,D4,293.89,0.9261,6.5886,medio-grave,True
8.45,D4,295.89,0.9149,3.7271,medio-grave,True
8.5,D♯4,319.38,0.3638,4.1666,medio-grave,True
8.55,E4,328.83,0.894,7.44,medio-grave,True
8.6,E4,330.71,0.8945,18.5208,medio-agudo,True
8.65,E4,325.36,0.8785,20.8006,medio-grave,True
8.7,E4,325.94,0.8869,20.1323,medio-grave,True
8.75,E4,329.18,0.8835,19.3019,medio-grave,True
8.8,E4,331.3,0.8751,19.8533,medio-agudo,True
8.85,E4,324.54,0.8629,21.7709,medio-grave,True
8.9,E4,324.7,0.8734,21.6945,medio-grave,True
8.95,E4,330.29,0.8911,21.8948,medio-agudo,True
9.0,E4,329.3,0.831,21.8388,medio-grave,True
9.05,E4,330.54,0.7472,21.8571,medio-agudo,True
9.1,E4,331.54,0.8988,21.8845,medio-agudo,True
9.15,E4,329.24,0.8993,21.7971,medio-grave,True
9.2,E4,327.03,0.8638,21.7897,medio-grave,True
9.25,E4,329.63,0.8747,21.8504,medio-grave,True
9.3,E4,332.37,0.887,21.7548,medio-agudo,True
9.35,E4,330.58,0.8878,21.7771,medio-agudo,True
9.4,E4,327.62,0.8518,21.8298,medio-grave,True
9.45,E4,331.24,0.8973,21.7478,medio-agudo,True
9.5,E4,331.42,0.8649,21.8066,medio-agudo,True
9.55,E4,325.38,0.8671,21.8814,medio-grave,True
9.6,E4,325.23,0.8681,21.7379,medio-grave,True
9.65,E4,331.06,0.89,21.7862,medio-agudo,True
9.7,E4,327.9,0.8908,21.7749,medio-grave,True
9.75,E4,324.37,0.8684,21.8594,medio-grave,True
9.8,E4,325.63,0.8817,21.8126,medio-grave,True
9.85,E4,330.77,0.8537,21.7873,medio-agudo,True
9.9,E4,330.68,0.8982,21.8265,medio-agudo,True
9.95,E4,324.14,0.8346,21.818,medio-grave,True
10.0,E4,330.87,0.8824,21.8747,medio-agudo,True
10.05,E4,331.71,0.84,21.7908,medio-agudo,True
10.1,E4,326.04,0.8868,21.8425,medio-grave,True
10.15,E4,327.47,0.8673,21.8367,medio-grave,True
10.2,E4,333.77,0.875,21.1406,medio-agudo,True
10.25,E4,328.68,0.883,16.3894,medio-grave,True
10.3,E4,325.44,0.8742,11.8201,medio-grave,True
10.35,E4,325.04,0.8726,9.0748,medio-grave,True
10.4,E4,331.07,0.8513,6.2644,medio-agudo,True
10.45,E4,331.8,0.881,4.8553,medio-agudo,True
10.5,F4,344.11,0.6371,4.1184,medio-agudo,True
10.55,F4,352.12,0.9198,7.4942,medio-agudo,True
10.6,F4,348.44,0.8753,19.7586,medio-agudo,True
10.65,F4,345.72,0.8472,22.7587,medio-agudo,True
10.7,F4,344.59,0.8424,21.8815,medio-agudo,True
10.75,F4,350.81,0.9016,21.1002,medio-agudo,True
10.8,F4,349.17,0.9056,21.4407,medio-agudo,True
10.85,F4,351.7,0.704,23.6463,medio-agudo,True
10.9,F4,349.94,0.8323,23.8505,medio-agudo,True
10.95,F4,350.23,0.9029,23.7508,medio-agudo,True
11.0,F4,352.95,0.925,23.8608,medio-agudo,True
11.05,F4,347.95,0.8286,23.7702,medio-agudo,True
11.1,F4,349.7,0.9135,23.7206,medio-agudo,True
11.15,F4,349.89,0.9192,23.7172,medio-agudo,True
11.2,F4,351.75,0.8645,23.8383,medio-agudo,True
11.25,F4,352.89,0.8144,23.7156,medio-agudo,True
11.3,F4,350.28,0.8947,23.672,medio-agudo,True
11.35,F4,349.72,0.9299,23.8186,medio-agudo,True
11.4,F4,350.03,0.7227,23.7066,medio-agudo,True
11.45,F4,350.58,0.8978,23.7084,medio-agudo,True
11.5,F4,349.98,0.8846,23.7932,medio-agudo,True
11.55,F4,353.87,0.9145,23.8495,medio-agudo,True
11.6,F4,351.08,0.7237,23.8048,medio-agudo,True
11.65,F4,350.46,0.9224,23.7945,medio-agudo,True
11.7,F4,349.75,0.9262,23.7639,medio-agudo,True
11.75,F4,351.14,0.833,23.8586,medio-agudo,True
11.8,F4,352.06,0.8578,23.7398,medio-agudo,True
11.85,F4,352.53,0.908,23.6638,medio-agudo,True
11.9,F4,347.54,0.9182,23.8313,medio-agudo,True
11.95,F4,351.33,0.7136,23.7318,medio-agudo,True
12.0,F4,350.66,0.9252,23.7695,medio-agudo,True
12.05,F4,349.15,0.8811,23.7983,medio-agudo,True
12.1,F4,350.73,0.8746,23.7544,medio-agudo,True
12.15,F4,349.3,0.7025,23.7708,medio-agudo,True
12.2,F4,350.95,0.9138,22.0101,medio-agudo,True
12.25,F4,351.9,0.9104,16.2748,medio-agudo,True
12.3,F4,350.75,0.7607,13.0928,medio-agudo,True
12.35,F4,349.4,0.8416,10.0365,medio-agudo,True
12.4,F4,349.26,0.8804,7.0091,medio-agudo,True
12.45,F4,352.84,0.9099,4.0599,medio-agudo,True
12.5,,,0.1633,3.9725,silencio,False
12.55,G4,388.99,0.9085,12.0449,medio-agudo,True
12.6,G4,392.88,0.8788,23.2729,medio-agudo,True
12.65,G4,393.72,0.8039,24.3638,medio-agudo,True
12.7,G4,392.91,0.8163,23.4255,medio-agudo,True
12.75,G4,392.52,0.8766,22.5659,medio-agudo,True
12.8,G4,390.92,0.9044,23.5126,medio-agudo,True
12.85,G4,393.63,0.7084,25.0736,medio-agudo,True
12.9,G4,395.31,0.9115,25.3879,medio-agudo,True
12.95,G4,393.66,0.7843,25.3725,medio-agudo,True
13.0,G4,393.53,0.8733,25.3831,medio-agudo,True
13.05,G4,387.08,0.8712,25.3563,medio-agudo,True
13.1,G4,393.22,0.9128,25.424,medio-agudo,True
13.15,G4,389.27,0.8669,25.364,medio-agudo,True
13.2,G4,389.32,0.8902,25.3229,medio-agudo,True
13.25,G4,387.97,0.8784,25.3591,medio-agudo,True
13.3,G4,392.5,0.887,25.4349,medio-agudo,True
13.35,G4,393.88,0.912,25.4009,medio-agudo,True
13.4,G4,386.25,0.8694,25.3396,medio-agudo,True
13.45,G4,391.5,0.8965,25.3485,medio-agudo,True
13.5,G4,391.71,0.8496,25.3827,medio-agudo,True
13.55,G4,393.16,0.925,25.4697,medio-agudo,True
13.6,G4,390.87,0.8578,25.3463,medio-agudo,True
13.65,G4,397.06,0.9165,25.3165,medio-agudo,True
13.7,G4,391.72,0.8927,25.3366,medio-agudo,True
13.75,G4,393.32,0.8411,25.3958,medio-agudo,True
13.8,G4,389.78,0.7748,25.4003,medio-agudo,True
13.85,G4,391.68,0.9154,25.3939,medio-agudo,True
13.9,G4,394.67,0.9171,25.4168,medio-agudo,True
13.95,G4,391.17,0.7486,25.3687,medio-agudo,True
14.0,G4,393.77,0.8805,25.2834,medio-agudo,True
14.05,G4,394.84,0.8815,25.408,medio-agudo,True
14.1,G4,393.82,0.9134,25.3817,medio-agudo,True
14.15,G4,392.54,0.7348,25.2828,medio-agudo,True
14.2,G4,389.44,0.9022,21.9573,medio-agudo,True
14.25,G4,393.82,0.8993,17.5756,medio-agudo,True
14.3,G4,394.64,0.8556,14.2594,medio-agudo,True
14.35,G4,395.4,0.837,10.9549,medio-agudo,True
14.4,G4,392.12,0.8968,7.7015,medio-agudo,True
14.45,G4,392.14,0.8844,4.5478,medio-agudo,True
14.5,A4,428.8,0.4961,3.8303,medio-agudo,True
14.55,A4,439.26,0.9133,16.9574,medio-agudo,True
14.6,A4,442.21,0.9161,23.9006,medio-agudo,True
14.65,A4,437.3,0.929,25.3062,medio-agudo,True
14.7,A4,440.78,0.8916,24.3081,medio-agudo,True
14.75,A4,437.76,0.9348,23.4938,medio-agudo,True
14.8,A4,440.07,0.9372,24.2976,medio-agudo,True
14.85,A4,445.46,0.8791,26.3032,medio-agudo,True
14.9,A4,446.1,0.9223,26.3084,medio-agudo,True
14.95,A4,445.7,0.9182,26.2883,medio-agudo,True
15.0,A4,442.0,0.9396,26.339,medio-agudo,True
15.05,A4,442.57,0.8277,26.349,medio-agudo,True
15.1,A4,440.86,0.9387,26.3193,medio-agudo,True
15.15,A4,440.3,0.9237,26.2818,medio-agudo,True
15.2,A4,440.79,0.8983,26.3698,medio-agudo,True
15.25,A4,438.68,0.9052,26.3279,medio-agudo,True
15.3,A4,439.02,0.9351,26.2852,medio-agudo,True
15.35,A4,439.66,0.9399,26.2773,medio-agudo,True
15.4,A4,441.48,0.8657,26.3562,medio-agudo,True
15.45,A4,441.9,0.9294,26.2673,medio-agudo,True
15.5,A4,440.52,0.924,26.3661,medio-agudo,True
15.55,A4,442.02,0.9185,26.3586,medio-agudo,True
15.6,A4,443.84,0.8354,26.3176,medio-agudo,True
15.65,A4,439.2,0.9326,26.286,medio-agudo,True
15.7,A4,440.21,0.9333,26.326,medio-agudo,True
15.75,A4,436.88,0.8702,26.2821,medio-agudo,True
15.8,A4,436.82,0.8701,26.2168,medio-agudo,True
15.85,A4,441.0,0.9103,26.3164,medio-agudo,True
15.9,A4,438.82,0.9386,26.3377,medio-agudo,True
15.95,A4,444.62,0.7997,26.3089,medio-agudo,True
16.0,A4,441.73,0.9199,26.2489,medio-agudo,True
16.05,A4,442.36,0.8931,26.3133,medio-agudo,True
16.1,A4,438.69,0.8955,26.3294,medio-agudo,True
16.15,A4,441.12,0.8006,26.0646,medio-agudo,True
16.2,A4,444.16,0.9156,22.9793,medio-agudo,True
16.25,A4,439.23,0.9275,18.4222,medio-agudo,True
16.3,A4,442.42,0.7896,15.0404,medio-agudo,True
16.35,A4,440.15,0.8879,11.6084,medio-agudo,True
16.4,A4,445.64,0.8706,9.9113,medio-agudo,True
16.45,A4,438.76,0.8317,4.9162,medio-agudo,True
16.5,G4,398.81,0.3997,8.4803,medio-agudo,True
16.55,G4,393.19,0.9125,18.9678,medio-agudo,True
16.6,G4,393.23,0.8805,24.0589,medio-agudo,True
16.65,G4,388.7,0.8815,24.1155,medio-agudo,True
16.7,G4,388.85,0.8728,23.1031,medio-agudo,True
16.75,G4,391.5,0.9098,24.3837,medio-agudo,True
16.8,G4,395.48,0.9142,25.4798,medio-agudo,True
16.85,G4,387.59,0.8849,25.419,medio-agudo,True
16.9,G4,386.7,0.8671,25.4053,medio-agudo,True
16.95,G4,395.29,0.8254,25.3912,medio-agudo,True
17.0,G4,393.68,0.9247,25.4619,medio-agudo,True
17.05,G4,392.14,0.8734,25.4452,medio-agudo,True
17.1,G4,391.8,0.908,25.436,medio-agudo,True
17.15,G4,393.78,0.866,25.4644,medio-agudo,True
17.2,G4,391.13,0.8823,25.5053,medio-agudo,True
17.25,G4,389.57,0.874,25.3562,medio-agudo,True
17.3,G4,396.71,0.905,25.371,medio-agudo,True
17.35,G4,392.84,0.891,25.3622,medio-agudo,True
17.4,G4,393.23,0.753,25.4221,medio-agudo,True
17.45,G4,392.48,0.8583,25.3899,medio-agudo,True
17.5,G4,391.38,0.8422,25.485,medio-agudo,True
17.55,G4,393.25,0.9016,25.5154,medio-agudo,True
17.6,G4,393.03,0.7699,25.4479,medio-agudo,True
17.65,G4,390.79,0.9049,25.3948,medio-agudo,True
17.7,G4,393.05,0.8821,25.4716,medio-agudo,True
17.75,G4,390.95,0.8241,24.9238,medio-agudo,True
17.8,G4,397.0,0.8359,19.0083,medio-agudo,True
17.85,G4,395.93,0.9105,14.1007,medio-agudo,True
17.9,G4,391.07,0.9153,9.7192,medio-agudo,True
17.95,G4,389.45,0.8498,5.528,medio-agudo,True
18.0,F4,356.87,0.5284,5.5865,medio-agudo,True
18.05,F4,347.88,0.9202,9.8864,medio-agudo,True
18.1,F4,351.81,0.8768,22.5174,medio-agudo,True
18.15,F4,353.19,0.7425,21.5792,medio-agudo,True
18.2,F4,349.92,0.9059,21.5183,medio-agudo,True
18.25,F4,352.31,0.9095,22.7685,medio-agudo,True
18.3,F4,349.01,0.8056,23.5088,medio-agudo,True
18.35,F4,349.14,0.8417,23.6035,medio-agudo,True
18.4,F4,352.77,0.8836,23.4848,medio-agudo,True
18.45,F4,351.23,0.9143,23.5661,medio-agudo,True
18.5,F4,352.38,0.7535,23.5077,medio-agudo,True
18.55,F4,351.03,0.9116,23.4799,medio-agudo,True
18.6,F4,352.06,0.9099,23.498,medio-agudo,True
18.65,F4,350.83,0.8282,23.607,medio-agudo,True
18.7,F4,347.63,0.7904,23.5208,medio-agudo,True
18.75,F4,349.44,0.9059,23.5342,medio-agudo,True
18.8,F4,349.35,0.9211,23.4704,medio-agudo,True
18.85,F4,351.24,0.6606,23.5227,medio-agudo,True
18.9,F4,350.55,0.8761,23.5555,medio-agudo,True
18.95,F4,349.42,0.8696,23.5125,medio-agudo,True
19.0,F4,350.77,0.895,23.5282,medio-agudo,True
19.05,F4,348.46,0.6899,23.5069,medio-agudo,True
19.1,F4,352.5,0.9134,23.4907,medio-agudo,True
19.15,F4,352.06,0.8968,23.5829,medio-agudo,True
19.2,F4,350.56,0.7511,23.5082,medio-agudo,True
19.25,F4,351.03,0.8086,23.5422,medio-agudo,True
19.3,F4,349.34,0.8902,19.1257,medio-agudo,True
19.35,F4,350.67,0.9232,14.2026,medio-agudo,True
19.4,F4,346.08,0.8232,10.1633,medio-agudo,True
19.45,F4,346.68,0.817,4.3931,medio-agudo,True
19.5,E4,338.52,0.5563,6.7257,medio-agudo,True
19.55,E4,327.82,0.876,16.0207,medio-grave,True
19.6,E4,328.54,0.846,21.258,medio-grave,True
19.65,E4,333.28,0.8759,21.0765,medio-agudo,True
19.7,E4,332.9,0.8649,20.5287,medio-agudo,True
19.75,E4,327.6,0.8735,22.1964,medio-grave,True
19.8,E4,326.77,0.8678,22.629,medio-grave,True
19.85,E4,329.99,0.8484,22.6065,medio-grave,True
19.9,E4,330.02,0.8796,22.5133,medio-agudo,True
19.95,E4,325.5,0.8418,22.6797,medio-grave,True
20.0,E4,332.39,0.8525,22.6855,medio-agudo,True
20.05,E4,330.74,0.8419,22.6384,medio-agudo,True
20.1,E4,325.11,0.8711,22.5043,medio-grave,True
20.15,E4,327.9,0.8488,22.5516,medio-grave,True
20.2,E4,330.44,0.866,22.6433,medio-agudo,True
20.25,E4,328.61,0.8827,22.6522,medio-grave,True
20.3,E4,326.95,0.8671,22.5841,medio-grave,True
20.35,E4,325.01,0.872,22.6608,medio-grave,True
20.4,E4,332.26,0.865,22.6262,medio-agudo,True
20.45,E4,328.67,0.8823,22.585,medio-grave,True
20.5,E4,325.08,0.8602,22.5616,medio-grave,True
20.55,E4,329.46,0.8632,22.6525,medio-grave,True
20.6,E4,330.11,0.8797,22.6711,medio-agudo,True
20.65,E4,325.65,0.86,22.6921,medio-grave,True
20.7,E4,325.48,0.8852,22.5318,medio-grave,True
20.75,E4,329.79,0.8799,21.1896,medio-grave,True
20.8,E4,334.2,0.8117,17.3392,medio-agudo,True
20.85,,,0.0001,12.9049,silencio,False
20.9,,,0.0,10.9549,silencio,False
20.95,,,0.0002,5.3158,silencio,False
21.0,,,0.0052,4.3159,silencio,False
21.05,B4,485.9,0.825,18.1162,medio-agudo,True
21.1,B4,500.06,0.9279,25.0579,medio-agudo,True
21.15,B4,497.38,0.916,26.4279,medio-agudo,True
21.2,B4,494.87,0.8667,25.4323,medio-agudo,True
21.25,B4,495.13,0.8495,24.5597,medio-agudo,True
21.3,B4,499.56,0.9187,25.5453,medio-agudo,True
21.35,B4,499.02,0.9246,26.2802,medio-agudo,True
21.4,B4,493.13,0.7858,27.5041,medio-agudo,True
21.45,B4,491.9,0.9011,27.457,medio-agudo,True
21.5,B4,493.4,0.9182,27.493,medio-agudo,True
21.55,B4,492.26,0.8887,27.5471,medio-agudo,True
21.6,B4,497.26,0.7729,27.5006,medio-agudo,True
21.65,B4,496.25,0.9335,27.4349,medio-agudo,True
21.7,B4,494.59,0.9414,27.5063,medio-agudo,True
21.75,B4,492.79,0.8491,27.4907,medio-agudo,True
21.8,B4,492.02,0.885,27.4958,medio-agudo,True
21.85,B4,496.07,0.9278,27.5081,medio-agudo,True
21.9,B4,496.56,0.9134,27.4687,medio-agudo,True
21.95,B4,500.3,0.7421,27.5285,medio-agudo,True
22.0,B4,495.3,0.9277,27.5435,medio-agudo,True
22.05,B4,496.23,0.9206,27.4996,medio-agudo,True
22.1,B4,495.3,0.881,27.4422,medio-agudo,True
22.15,B4,498.02,0.7566,27.5001,medio-agudo,True
22.2,B4,495.91,0.9144,27.5084,medio-agudo,True
22.25,B4,490.71,0.9241,27.4716,medio-agudo,True
22.3,B4,492.41,0.7882,27.499,medio-agudo,True
22.35,B4,494.06,0.8835,27.4266,medio-agudo,True
22.4,B4,494.99,0.9021,27.5499,medio-agudo,True
22.45,B4,493.65,0.9186,27.4464,medio-agudo,True
22.5,B4,499.08,0.7377,27.4876,medio-agudo,True
22.55,B4,492.8,0.9239,27.4532,medio-agudo,True
22.6,B4,496.9,0.9136,27.4004,medio-agudo,True
22.65,B4,491.51,0.8977,27.4947,medio-agudo,True
22.7,B4,486.42,0.9007,23.9026,medio-agudo,True
22.75,B4,500.21,0.9071,19.1232,medio-agudo,True
22.8,B4,497.01,0.9288,17.3413,medio-agudo,True
22.85,B4,486.49,0.9041,11.9952,medio-agudo,True
22.9,B4,492.43,0.8798,8.453,medio-agudo,True
22.95,B4,500.08,0.8992,5.0068,medio-agudo,True
23.0,C5,509.69,0.6534,7.5778,medio-agudo,True
23.05,C5,516.11,0.8744,18.3172,medio-agudo,True
23.1,C5,525.03,0.933,26.0396,medio-agudo,True
23.15,C5,519.52,0.9014,27.8142,medio-agudo,True
23.2,C5,523.4,0.8588,26.8528,medio-agudo,True
23.25,C5,529.42,0.8201,26.3667,medio-agudo,True
23.3,C5,522.05,0.9115,26.6393,medio-agudo,True
23.35,C5,527.2,0.9236,28.9276,medio-agudo,True
23.4,C5,527.23,0.7754,28.9262,medio-agudo,True
23.45,C5,527.43,0.906,28.8538,medio-agudo,True
23.5,C5,528.68,0.8757,28.9038,medio-agudo,True
23.55,C5,530.06,0.9175,28.9236,medio-agudo,True
23.6,C5,521.56,0.7727,28.8926,medio-agudo,True
23.65,C5,521.31,0.925,28.8706,medio-agudo,True
23.7,C5,525.05,0.8904,28.874,medio-agudo,True
23.75,C5,526.55,0.853,28.9087,medio-agudo,True
23.8,C5,525.27,0.8407,28.9211,medio-agudo,True
23.85,C5,526.87,0.9154,28.9458,medio-agudo,True
23.9,C5,523.44,0.9181,28.8698,medio-agudo,True
23.95,C5,528.35,0.786,28.8701,medio-agudo,True
24.0,C5,527.61,0.9125,28.9401,medio-agudo,True
24.05,C5,527.51,0.9061,28.8676,medio-agudo,True
24.1,C5,524.22,0.9083,28.9207,medio-agudo,True
24.15,C5,528.61,0.8135,28.9566,medio-agudo,True
24.2,C5,530.33,0.9266,28.8664,medio-agudo,True
24.25,C5,524.52,0.9196,28.8913,medio-agudo,True
24.3,C5,529.14,0.8655,28.8298,medio-agudo,True
24.35,C5,528.72,0.8705,28.9084,medio-agudo,True
24.4,C5,526.65,0.922,28.9416,medio-agudo,True
24.45,C5,527.74,0.9264,28.8752,medio-agudo,True
24.5,C5,522.94,0.8465,28.872,medio-agudo,True
24.55,C5,520.25,0.9129,28.9244,medio-agudo,True
24.6,C5,524.51,0.913,28.936,medio-agudo,True
24.65,C5,528.73,0.9078,28.6422,medio-agudo,True
24.7,C5,526.75,0.8303,25.4557,medio-agudo,True
24.75,C5,521.38,0.92,20.3389,medio-agudo,True
24.8,C5,523.79,0.9236,16.6289,medio-agudo,True
24.85,C5,528.77,0.8558,12.8645,medio-agudo,True
24.9,C5,527.24,0.8933,9.1161,medio-agudo,True
24.95,C5,535.87,0.8441,3.869,medio-agudo,True
25.0,,,0.1893,7.287,silencio,False
25.05,D5,581.31,0.8715,18.2119,medio-agudo,True
25.1,D5,591.81,0.9266,26.9002,medio-agudo,True
25.15,D5,589.73,0.9174,29.0768,medio-agudo,True
25.2,D5,591.27,0.8559,27.9351,medio-agudo,True
25.25,D5,587.83,0.8257,27.0484,medio-agudo,True
25.3,D5,594.15,0.9169,28.6203,medio-agudo,True
25.35,D5,586.81,0.9283,30.1294,medio-agudo,True
25.4,D5,587.41,0.7474,30.1694,medio-agudo,True
25.45,D5,594.34,0.9119,30.2117,medio-agudo,True
25.5,D5,583.96,0.9105,30.1009,medio-agudo,True
25.55,D5,592.77,0.8861,30.0989,medio-agudo,True
25.6,D5,578.63,0.8735,30.1125,medio-agudo,True
25.65,D5,588.25,0.9275,30.0852,medio-agudo,True
25.7,D5,590.56,0.9177,30.2135,medio-agudo,True
25.75,D5,588.14,0.7594,30.2246,medio-agudo,True
25.8,D5,589.19,0.8375,30.0667,medio-agudo,True
25.85,D5,589.39,0.8914,30.1252,medio-agudo,True
25.9,D5,594.58,0.915,30.2141,medio-agudo,True
25.95,D5,582.73,0.874,30.1286,medio-agudo,True
26.0,D5,587.34,0.9164,30.0986,medio-agudo,True
26.05,D5,586.13,0.8885,30.2051,medio-agudo,True
26.1,D5,577.56,0.8983,30.2018,medio-agudo,True
26.15,D5,581.69,0.8752,30.0887,medio-agudo,True
26.2,D5,589.27,0.9065,30.1023,medio-agudo,True
26.25,D5,592.58,0.9156,30.1877,medio-agudo,True
26.3,D5,578.12,0.8754,30.147,medio-agudo,True
26.35,D5,583.51,0.8809,30.1535,medio-agudo,True
26.4,D5,595.02,0.8874,30.1721,medio-agudo,True
26.45,D5,594.24,0.921,30.2253,medio-agudo,True
26.5,D5,586.34,0.8575,30.1547,medio-agudo,True
26.55,D5,588.95,0.9116,30.0574,medio-agudo,True
26.6,D5,588.42,0.89,30.1408,medio-agudo,True
26.65,D5,582.4,0.8952,30.0394,medio-agudo,True
26.7,D5,579.83,0.8658,26.8099,medio-agudo,True
26.75,D5,593.32,0.8949,21.5314,medio-agudo,True
26.8,D5,594.74,0.9192,17.6201,medio-agudo,True
26.85,D5,582.86,0.8624,13.7047,medio-agudo,True
26.9,D5,582.92,0.8784,9.758,medio-agudo,True
26.95,D5,597.93,0.8522,4.2286,medio-agudo,True
27.0,E5,648.89,0.4124,5.6083,medio-agudo,True
27.05,E5,653.82,0.9067,14.3527,medio-agudo,True
27.1,E5,663.67,0.9064,24.4318,agudo,True
27.15,E5,661.28,0.9053,29.5208,agudo,True
27.2,E5,656.34,0.8582,29.6901,medio-agudo,True
27.25,E5,667.28,0.8273,28.3987,agudo,True
27.3,E5,660.17,0.8983,27.6321,agudo,True
27.35,E5,664.7,0.9009,27.9921,agudo,True
27.4,E5,661.05,0.7929,29.9441,agudo,True
27.45,E5,660.86,0.8887,30.9542,agudo,True
27.5,E5,663.62,0.901,30.8928,agudo,True
27.55,E5,659.85,0.9143,30.9925,medio-agudo,True
27.6,E5,663.15,0.8212,30.9125,agudo,True
27.65,E5,660.61,0.9068,30.9943,agudo,True
27.7,E5,658.53,0.9042,30.9441,medio-agudo,True
27.75,E5,657.91,0.8792,30.9326,medio-agudo,True
27.8,E5,654.79,0.8865,31.0126,medio-agudo,True
27.85,E5,665.9,0.8946,30.9407,agudo,True
27.9,E5,658.64,0.9119,30.9508,medio-agudo,True
27.95,E5,660.03,0.8365,30.924,agudo,True
28.0,E5,663.22,0.9052,30.9652,agudo,True
28.05,E5,664.48,0.899,30.8983,agudo,True
28.1,E5,661.81,0.8968,30.9316,agudo,True
28.15,E5,657.26,0.8611,30.9857,medio-agudo,True
28.2,E5,665.4,0.9141,30.9162,agudo,True
28.25,E5,662.45,0.9126,30.8622,agudo,True
28.3,E5,661.92,0.8736,30.9446,agudo,True
28.35,E5,656.4,0.8938,30.9635,medio-agudo,True
28.4,E5,657.19,0.8936,30.9863,medio-agudo,True
28.45,E5,661.18,0.9202,30.9898,agudo,True
28.5,E5,665.09,0.8355,30.9215,agudo,True
28.55,E5,656.12,0.9156,30.9112,medio-agudo,True
28.6,E5,665.6,0.8974,30.9471,agudo,True
28.65,E5,662.16,0.8876,30.9145,agudo,True
28.7,E5,660.96,0.8891,30.9062,agudo,True
28.75,E5,661.49,0.915,30.9469,agudo,True
28.8,E5,659.25,0.9239,30.9676,medio-agudo,True
28.85,E5,660.04,0.8402,30.902,agudo,True
28.9,E5,661.62,0.8927,30.9763,agudo,True
28.95,E5,659.94,0.8796,30.9138,medio-agudo,True
29.0,E5,660.11,0.9125,30.9244,agudo,True
29.05,E5,666.69,0.8296,30.994,agudo,True
29.1,E5,662.46,0.9094,30.0625,agudo,True
29.15,E5,662.48,0.8915,26.5301,agudo,True
29.2,E5,655.46,0.8623,20.405,medio-agudo,True
29.25,E5,658.83,0.8634,17.1466,medio-agudo,True
29.3,E5,662.43,0.8903,13.9185,agudo,True
29.35,E5,658.6,0.9225,10.6852,medio-agudo,True
29.4,E5,657.62,0.7937,7.4926,medio-agudo,True
29.45,E5,663.27,0.894,4.4118,agudo,True
29.5,F5,695.37,0.526,3.6959,agudo,True
29.55,F5,689.41,0.8863,16.4658,agudo,True
29.6,F5,688.0,0.8642,26.3509,agudo,True
29.65,F5,704.07,0.9339,30.7793,agudo,True
29.7,F5,705.0,0.9009,30.4275,agudo,True
29.75,F5,699.87,0.839,29.5209,agudo,True
29.8,F5,703.9,0.8625,28.6339,agudo,True
29.85,F5,693.96,0.9032,29.232,agudo,True
29.9,F5,705.39,0.9241,31.2059,agudo,True
29.95,F5,708.11,0.7715,31.7605,agudo,True
30.0,F5,701.2,0.9325,31.8392,agudo,True
30.05,F5,703.13,0.8805,31.8027,agudo,True
30.1,F5,701.37,0.9078,31.7671,agudo,True
30.15,F5,704.62,0.7993,31.8777,agudo,True
30.2,F5,699.67,0.9333,31.8316,agudo,True
30.25,F5,704.47,0.8914,31.8406,agudo,True
30.3,F5,700.99,0.8327,31.854,agudo,True
30.35,F5,704.09,0.8875,31.8083,agudo,True
30.4,F5,703.09,0.915,31.7676,agudo,True
30.45,F5,702.06,0.9151,31.7586,agudo,True
30.5,F5,698.12,0.8246,31.8085,agudo,True
30.55,F5,699.08,0.9256,31.7885,agudo,True
30.6,F5,700.56,0.8871,31.8626,agudo,True
30.65,F5,700.38,0.9015,31.8217,agudo,True
30.7,F5,701.73,0.8502,31.7508,agudo,True
30.75,F5,703.38,0.9233,31.8217,agudo,True
30.8,F5,695.96,0.9077,31.826,agudo,True
30.85,F5,697.52,0.8511,31.7514,agudo,True
30.9,F5,707.61,0.907,31.8537,agudo,True
30.95,F5,700.01,0.8916,31.8274,agudo,True
31.0,F5,702.07,0.9157,31.8093,agudo,True
31.05,F5,705.66,0.8412,31.8063,agudo,True
31.1,F5,703.79,0.9334,31.7557,agudo,True
31.15,F5,705.26,0.8893,31.8254,agudo,True
31.2,F5,699.98,0.9016,31.8213,agudo,True
31.25,F5,701.32,0.8779,31.8166,agudo,True
31.3,F5,700.21,0.9157,31.789,agudo,True
31.35,F5,699.23,0.9167,31.7346,agudo,True
31.4,F5,697.97,0.8503,31.8399,agudo,True
31.45,F5,697.84,0.9268,31.8474,agudo,True
31.5,F5,693.94,0.8772,31.7539,agudo,True
31.55,F5,699.14,0.9222,31.8531,agudo,True
31.6,F5,706.59,0.8527,30.5114,agudo,True
31.65,F5,703.17,0.9344,26.4897,agudo,True
31.7,F5,701.44,0.8907,22.0544,agudo,True
31.75,F5,701.24,0.8701,18.7054,agudo,True
31.8,F5,702.78,0.9009,13.732,agudo,True
31.85,F5,696.8,0.9153,10.4537,agudo,True
31.9,F5,701.59,0.9057,7.1815,agudo,True
31.95,F5,697.0,0.8333,4.0559,agudo,True
32.0,,,0.0041,4.0971,silencio,False
32.05,G5,792.45,0.8794,11.3307,agudo,True
32.1,G5,787.14,0.8971,20.9223,agudo,True
32.15,G5,788.46,0.8656,31.561,agudo,True
32.2,G5,794.37,0.8975,32.416,agudo,True
32.25,G5,791.57,0.877,31.7186,agudo,True
32.3,G5,783.17,0.8413,30.9492,agudo,True
32.35,G5,781.04,0.8861,30.1726,agudo,True
32.4,G5,793.32,0.8606,29.3496,agudo,True
32.45,G5,792.33,0.9099,31.6821,agudo,True
32.5,G5,787.29,0.8277,33.3738,agudo,True
32.55,G5,786.04,0.8994,33.4087,agudo,True
32.6,G5,790.74,0.8613,33.4123,agudo,True
32.65,G5,788.86,0.8725,33.4312,agudo,True
32.7,G5,791.82,0.8526,33.3885,agudo,True
32.75,G5,784.73,0.8656,33.4162,agudo,True
32.8,G5,789.06,0.8847,33.3812,agudo,True
32.85,G5,786.7,0.7977,33.3887,agudo,True
32.9,G5,790.81,0.8941,33.4163,agudo,True
32.95,G5,793.27,0.866,33.3887,agudo,True
33.0,G5,786.58,0.9035,33.3966,agudo,True
33.05,G5,791.58,0.7415,33.3671,agudo,True
33.1,G5,784.19,0.9104,33.4103,agudo,True
33.15,G5,786.17,0.869,33.3529,agudo,True
33.2,G5,785.65,0.8479,33.41,agudo,True
33.25,G5,784.93,0.8267,33.3943,agudo,True
33.3,G5,783.92,0.8727,33.3956,agudo,True
33.35,G5,784.41,0.8938,33.4276,agudo,True
33.4,G5,791.66,0.7546,33.4637,agudo,True
33.45,G5,791.16,0.8857,33.4074,agudo,True
33.5,G5,782.93,0.8468,33.3666,agudo,True
33.55,G5,788.21,0.9006,33.3941,agudo,True
33.6,G5,788.27,0.7666,33.4098,agudo,True
33.65,G5,790.35,0.8987,33.4197,agudo,True
33.7,G5,793.54,0.87,33.4212,agudo,True
33.75,G5,788.92,0.8438,33.3639,agudo,True
33.8,G5,786.09,0.824,33.4361,agudo,True
33.85,G5,780.18,0.8678,33.4677,agudo,True
33.9,G5,787.18,0.8939,33.4038,agudo,True
33.95,G5,785.94,0.7999,33.3792,agudo,True
34.0,G5,782.91,0.8947,33.4341,agudo,True
34.05,G5,780.61,0.863,33.4135,agudo,True
34.1,G5,791.19,0.8966,33.3635,agudo,True
34.15,G5,792.7,0.8134,33.4071,agudo,True
34.2,G5,788.82,0.899,33.3867,agudo,True
34.25,G5,790.73,0.8778,33.4183,agudo,True
34.3,G5,792.89,0.8598,33.4647,agudo,True
34.35,G5,786.83,0.8635,33.3737,agudo,True
34.4,G5,779.18,0.8661,33.4119,agudo,True
34.45,G5,783.23,0.9075,33.3622,agudo,True
34.5,G5,787.16,0.8307,33.3604,agudo,True
34.55,G5,783.91,0.8981,30.2462,agudo,True
34.6,G5,785.28,0.8605,25.4609,agudo,True
34.65,G5,787.74,0.8944,22.524,agudo,True
34.7,G5,792.46,0.8434,21.0356,agudo,True
34.75,G5,787.32,0.8774,15.2434,agudo,True
34.8,G5,779.06,0.886,13.7764,agudo,True
34.85,G5,785.5,0.8308,9.4236,agudo,True
34.9,G5,787.54,0.8752,6.5659,agudo,True
34.95,G5,795.81,0.8783,5.1665,agudo,True
35.0,,,0.1231,3.6612,silencio,False
35.05,A5,875.09,0.8868,10.8434,agudo,True
35.1,A5,888.75,0.933,25.6267,agudo,True
35.15,A5,888.73,0.9378,32.1857,agudo,True
35.2,A5,880.19,0.9012,33.4927,agudo,True
35.25,A5,883.78,0.9037,32.7289,agudo,True
35.3,A5,880.64,0.9354,31.8999,agudo,True
35.35,A5,880.73,0.9405,31.037,agudo,True
35.4,A5,884.59,0.8558,30.3518,agudo,True
35.45,A5,884.47,0.9268,31.3635,agudo,True
35.5,A5,888.33,0.9351,34.4086,agudo,True
35.55,A5,887.12,0.91,34.4218,agudo,True
35.6,A5,888.41,0.848,34.3471,agudo,True
35.65,A5,886.66,0.9372,34.3888,agudo,True
35.7,A5,880.2,0.9401,34.3438,agudo,True
35.75,A5,877.15,0.8465,34.3657,agudo,True
35.8,A5,876.21,0.9172,34.4049,agudo,True
35.85,A5,882.86,0.9292,34.4126,agudo,True
35.9,A5,884.54,0.9367,34.3811,agudo,True
35.95,A5,888.13,0.7995,34.3963,agudo,True
36.0,A5,885.51,0.9267,34.398,agudo,True
36.05,A5,881.15,0.9275,34.3761,agudo,True
36.1,A5,876.83,0.8888,34.3639,agudo,True
36.15,A5,879.1,0.8364,34.4188,agudo,True
36.2,A5,883.99,0.9172,34.3828,agudo,True
36.25,A5,889.07,0.9365,34.3393,agudo,True
36.3,A5,883.06,0.7789,34.4305,agudo,True
36.35,A5,880.11,0.9232,34.3673,agudo,True
36.4,A5,883.44,0.9095,34.4649,agudo,True
36.45,A5,880.11,0.9269,34.3675,agudo,True
36.5,A5,877.64,0.7978,34.3758,agudo,True
36.55,A5,885.04,0.9407,34.3928,agudo,True
36.6,A5,877.82,0.9201,34.4183,agudo,True
36.65,A5,886.22,0.8519,34.4055,agudo,True
36.7,A5,886.8,0.86,34.3974,agudo,True
36.75,A5,885.03,0.9363,34.3369,agudo,True
36.8,A5,876.88,0.9345,34.3365,agudo,True
36.85,A5,886.59,0.7623,34.389,agudo,True
36.9,A5,884.72,0.9213,34.419,agudo,True
36.95,A5,874.81,0.9134,34.3919,agudo,True
37.0,A5,876.5,0.9348,34.4079,agudo,True
37.05,A5,887.71,0.7524,34.3957,agudo,True
37.1,A5,876.47,0.928,34.3342,agudo,True
37.15,A5,882.99,0.9242,34.4297,agudo,True
37.2,A5,886.75,0.8832,34.4241,agudo,True
37.25,A5,885.4,0.8725,34.3542,agudo,True
37.3,A5,880.91,0.9385,34.3264,agudo,True
37.35,A5,882.77,0.9347,34.374,agudo,True
37.4,A5,885.9,0.839,34.3756,agudo,True
37.45,A5,887.51,0.916,34.3767,agudo,True
37.5,A5,891.33,0.9311,34.3987,agudo,True
37.55,A5,875.14,0.9186,31.524,agudo,True
37.6,A5,888.24,0.8604,26.724,agudo,True
37.65,A5,881.77,0.9325,23.4866,agudo,True
37.7,A5,886.99,0.939,18.978,agudo,True
37.75,A5,891.77,0.8763,15.9583,agudo,True
37.8,A5,885.97,0.9078,12.948,agudo,True
37.85,A5,882.87,0.9376,9.9895,agudo,True
37.9,A5,879.89,0.9421,7.0506,agudo,True
37.95,A5,864.36,0.7596,4.1894,agudo,True
38.0,G5,801.91,0.7516,8.5627,agudo,True
38.05,G5,791.3,0.8955,20.5982,agudo,True
38.1,G5,791.81,0.9042,29.4229,agudo,True
38.15,G5,793.57,0.8535,31.5108,agudo,True
38.2,G5,790.25,0.8942,30.3167,agudo,True
38.25,G5,782.93,0.8788,29.6755,agudo,True
38.3,G5,790.32,0.8706,30.1747,agudo,True
38.35,G5,785.53,0.8836,32.1336,agudo,True
38.4,G5,782.7,0.859,32.6688,agudo,True
38.45,G5,784.12,0.9057,32.6364,agudo,True
38.5,G5,785.47,0.8382,32.6522,agudo,True
38.55,G5,783.78,0.9062,32.6633,agudo,True
38.6,G5,787.87,0.8588,32.6739,agudo,True
38.65,G5,791.75,0.8808,32.7063,agudo,True
38.7,G5,790.35,0.8633,32.7076,agudo,True
38.75,G5,787.37,0.8879,32.6145,agudo,True
38.8,G5,792.62,0.8906,32.6131,agudo,True
38.85,G5,781.59,0.836,32.6334,agudo,True
38.9,G5,788.92,0.8982,32.6423,agudo,True
38.95,G5,792.41,0.8554,32.7085,agudo,True
39.0,G5,784.98,0.9045,32.6644,agudo,True
39.05,G5,794.52,0.8383,32.7126,agudo,True
39.1,G5,784.73,0.9025,32.6889,agudo,True
39.15,G5,788.12,0.8631,32.634,agudo,True
39.2,G5,783.65,0.851,32.5992,agudo,True
39.25,G5,789.98,0.8688,32.6685,agudo,True
39.3,G5,785.7,0.8718,32.6669,agudo,True
39.35,G5,785.16,0.8943,32.6659,agudo,True
39.4,G5,784.72,0.7972,32.732,agudo,True
39.45,G5,785.69,0.892,32.6377,agudo,True
39.5,G5,792.25,0.8589,32.6462,agudo,True
39.55,G5,785.81,0.8935,32.6702,agudo,True
39.6,G5,791.87,0.8029,32.6207,agudo,True
39.65,G5,788.09,0.9027,32.3291,agudo,True
39.7,G5,786.64,0.8686,28.7396,agudo,True
39.75,G5,785.22,0.8031,23.0307,agudo,True
39.8,G5,792.14,0.8434,18.7747,agudo,True
39.85,G5,786.97,0.8713,14.4957,agudo,True
39.9,G5,785.95,0.8905,12.3889,agudo,True
39.95,G5,781.54,0.7555,6.2376,agudo,True
40.0,F5,709.03,0.7219,4.2562,agudo,True
40.05,F5,706.99,0.901,19.0774,agudo,True
40.1,F5,695.33,0.9087,28.0112,agudo,True
40.15,F5,699.13,0.7952,30.0808,agudo,True
40.2,F5,694.86,0.9254,29.2336,agudo,True
40.25,F5,705.39,0.9016,28.1425,agudo,True
40.3,F5,702.57,0.8046,29.8754,agudo,True
40.35,F5,699.25,0.8845,31.4369,agudo,True
40.4,F5,704.18,0.8904,31.4088,agudo,True
40.45,F5,696.4,0.9128,31.4757,agudo,True
40.5,F5,699.44,0.7605,31.3954,agudo,True
40.55,F5,697.5,0.9263,31.4387,agudo,True
40.6,F5,698.4,0.895,31.4668,agudo,True
40.65,F5,700.9,0.9009,31.4591,agudo,True
40.7,F5,699.86,0.8502,31.4222,agudo,True
40.75,F5,697.24,0.9223,31.4494,agudo,True
40.8,F5,708.06,0.9018,31.5169,agudo,True
40.85,F5,699.19,0.8518,31.5022,agudo,True
40.9,F5,700.05,0.9067,31.4754,agudo,True
40.95,F5,697.5,0.8866,31.4684,agudo,True
41.0,F5,699.04,0.9116,31.4236,agudo,True
41.05,F5,701.05,0.8425,31.5038,agudo,True
41.1,F5,700.66,0.9308,31.4291,agudo,True
41.15,F5,701.68,0.9048,31.4655,agudo,True
41.2,F5,700.35,0.8873,31.5566,agudo,True
41.25,F5,695.96,0.8791,31.4817,agudo,True
41.3,F5,706.25,0.9122,31.4547,agudo,True
41.35,F5,704.24,0.9181,31.4686,agudo,True
41.4,F5,702.64,0.8384,31.4949,agudo,True
41.45,F5,697.39,0.9274,31.4724,agudo,True
41.5,F5,700.89,0.882,31.4809,agudo,True
41.55,F5,706.16,0.9172,31.3984,agudo,True
41.6,F5,696.53,0.8656,31.508,agudo,True
41.65,F5,705.48,0.9308,31.368,agudo,True
41.7,F5,693.65,0.8931,28.0222,agudo,True
41.75,F5,699.09,0.8727,22.4712,agudo,True
41.8,F5,705.67,0.9017,20.3687,agudo,True
41.85,F5,698.34,0.907,14.2407,agudo,True
41.9,F5,700.6,0.9036,10.2081,agudo,True
41.95,F5,690.97,0.8454,4.4252,agudo,True
42.0,E5,662.84,0.7372,7.1043,agudo,True
42.05,E5,663.62,0.89,12.1364,agudo,True
42.1,E5,667.43,0.8818,27.6505,agudo,True
42.15,E5,656.26,0.8624,30.4291,medio-agudo,True
42.2,E5,666.81,0.9147,29.2943,agudo,True
42.25,E5,662.53,0.9189,28.0659,agudo,True
42.3,E5,658.89,0.8603,28.907,medio-agudo,True
42.35,E5,656.9,0.8808,31.5448,medio-agudo,True
42.4,E5,659.52,0.8766,31.4378,medio-agudo,True
42.45,E5,667.93,0.9197,31.4835,agudo,True
42.5,E5,663.25,0.8222,31.4836,agudo,True
42.55,E5,662.42,0.9163,31.4396,agudo,True
42.6,E5,662.66,0.8931,31.4791,agudo,True
42.65,E5,663.05,0.8844,31.5631,agudo,True
42.7,E5,660.66,0.8483,31.4474,agudo,True
42.75,E5,659.72,0.9089,31.4852,medio-agudo,True
42.8,E5,667.4,0.9187,31.5883,agudo,True
42.85,E5,662.32,0.8058,31.4568,agudo,True
42.9,E5,659.86,0.8865,31.4685,medio-agudo,True
42.95,E5,658.96,0.9018,31.4319,medio-agudo,True
43.0,E5,663.79,0.8972,31.4848,agudo,True
43.05,E5,658.09,0.7337,31.4775,medio-agudo,True
43.1,E5,659.09,0.9114,31.4361,medio-agudo,True
43.15,E5,662.27,0.9154,31.5405,agudo,True
43.2,E5,651.42,0.9104,31.4484,medio-agudo,True
43.25,E5,646.52,0.8072,31.4741,medio-agudo,True
43.3,,,0.0014,31.4768,silencio,False
43.35,,,0.0003,31.5087,silencio,False
43.4,,,0.0,31.5564,silencio,False
43.45,,,0.0002,31.4599,silencio,False
43.5,,,0.0,31.4001,silencio,False
43.55,,,0.0,31.5084,silencio,False
43.6,,,0.0001,31.4491,silencio,False
43.65,,,0.0001,31.4957,silencio,False
43.7,,,0.0002,30.1563,silencio,False
43.75,,,0.0,22.7893,silencio,False
43.8,,,0.0,18.6545,silencio,False
43.85,,,0.0001,14.5303,silencio,False
43.9,,,0.0,8.4806,silencio,False
43.95,,,0.0,6.5252,silencio,False
44.0,,,0.1219,4.6692,silencio,False
44.05,D3,148.79,0.847,12.1335,grave,True
44.1,D3,146.41,0.8829,21.4068,grave,True
44.15,D3,147.28,0.8037,26.3862,grave,True
44.2,D3,147.87,0.8652,26.1357,grave,True
44.25,D3,148.76,0.862,25.4627,grave,True
44.3,D3,147.94,0.8753,24.8784,grave,True
44.35,D3,146.51,0.8778,25.2471,grave,True
44.4,D3,146.88,0.8629,26.5637,grave,True
44.45,D3,146.91,0.8752,27.6624,grave,True
44.5,D3,148.03,0.9027,27.7578,grave,True
44.55,D3,147.6,0.8635,27.6152,grave,True
44.6,D3,146.91,0.8646,27.6625,grave,True
44.65,D3,148.01,0.8837,27.7048,grave,True
44.7,D3,148.26,0.8894,27.8659,grave,True
44.75,D3,147.18,0.8714,27.9982,grave,True
44.8,D3,147.57,0.8724,27.4918,grave,True
44.85,D3,146.66,0.8727,27.7227,grave,True
44.9,D3,146.57,0.9056,27.6998,grave,True
44.95,D3,146.52,0.87,27.6375,grave,True
45.0,D3,146.24,0.8601,27.6728,grave,True
45.05,D3,146.51,0.8756,27.7812,grave,True
45.1,D3,147.41,0.9098,27.658,grave,True
45.15,D3,146.55,0.8494,27.8139,grave,True
45.2,D3,146.7,0.8729,27.5986,grave,True
45.25,D3,147.05,0.9063,27.9005,grave,True
45.3,D3,146.36,0.8836,27.4861,grave,True
45.35,D3,146.84,0.8599,27.8753,grave,True
45.4,D3,147.5,0.8588,27.8009,grave,True
45.45,D3,147.96,0.9072,27.7989,grave,True
45.5,D3,147.85,0.8901,27.7174,grave,True
45.55,D3,146.69,0.8674,27.8245,grave,True
45.6,D3,147.94,0.8663,27.6615,grave,True
45.65,D3,147.13,0.9116,27.8691,grave,True
45.7,D3,145.88,0.8697,27.5824,grave,True
45.75,D3,147.88,0.7838,27.51,grave,True
45.8,D3,147.72,0.894,27.7529,grave,True
45.85,D3,146.95,0.8906,27.5522,grave,True
45.9,D3,148.53,0.8463,27.7944,grave,True
45.95,D3,147.62,0.8081,27.8722,grave,True
46.0,D3,147.73,0.904,27.8925,grave,True
46.05,D3,146.09,0.8808,27.8594,grave,True
46.1,D3,147.16,0.813,27.0284,grave,True
46.15,D3,146.58,0.8171,21.9238,grave,True
46.2,D3,146.41,0.8682,18.2923,grave,True
46.25,D3,148.31,0.8856,15.4345,grave,True
46.3,D3,148.08,0.7592,12.7067,grave,True
46.35,D3,146.34,0.8755,9.843,grave,True
46.4,D3,147.35,0.7969,6.9502,grave,True
46.45,D3,145.7,0.8233,4.1257,grave,True
46.5,C3,133.02,0.6886,6.9339,grave,True
46.55,C3,131.07,0.8775,16.5912,grave,True
46.6,C3,131.52,0.8241,23.7515,grave,True
46.65,C3,130.44,0.8493,25.5513,grave,True
46.7,C3,129.88,0.7993,24.6833,grave,True
46.75,C3,131.63,0.8651,24.1827,grave,True
46.8,C3,130.82,0.8695,25.3055,grave,True
46.85,C3,129.66,0.8045,26.1495,grave,True
46.9,C3,129.87,0.8625,26.7224,grave,True
46.95,C3,131.04,0.815,26.7201,grave,True
47.0,C3,130.88,0.8597,26.7328,grave,True
47.05,C3,129.43,0.7772,26.752,grave,True
47.1,C3,132.33,0.8507,26.6986,grave,True
47.15,C3,131.95,0.8538,26.4925,grave,True
47.2,C3,129.81,0.8511,26.4353,grave,True
47.25,C3,130.07,0.8398,26.5353,grave,True
47.3,C3,130.2,0.8101,26.5482,grave,True
47.35,C3,130.04,0.7863,26.4787,grave,True
47.4,C3,130.12,0.8622,26.5692,grave,True
47.45,C3,130.34,0.8654,26.5635,grave,True
47.5,C3,130.24,0.7862,26.6722,grave,True
47.55,C3,130.29,0.7793,26.7663,grave,True
47.6,C3,128.38,0.8394,26.7239,grave,True
47.65,C3,129.63,0.8524,26.6363,grave,True
47.7,C3,130.05,0.7746,26.7584,grave,True
47.75,C3,129.4,0.819,26.5739,grave,True
47.8,C3,129.25,0.8637,26.5852,grave,True
47.85,C3,129.93,0.8382,26.6708,grave,True
47.9,C3,129.27,0.8412,26.3874,grave,True
47.95,C3,129.27,0.8427,26.4312,grave,True
48.0,C3,129.38,0.8839,26.5584,grave,True
48.05,C3,128.74,0.8373,26.6939,grave,True
48.1,C3,130.13,0.7895,26.7681,grave,True
48.15,C3,129.97,0.8517,26.5971,grave,True
48.2,C3,129.82,0.869,23.361,grave,True
48.25,C3,129.37,0.8262,18.7505,grave,True
48.3,C3,130.04,0.7345,15.5649,grave,True
48.35,C3,130.7,0.8625,11.9702,grave,True
48.4,C3,129.97,0.8148,8.4776,grave,True
48.45,C3,130.99,0.8297,3.5647,grave,True
48.5,C3,130.29,0.3899,5.9527,grave,True
48.55,B2,124.34,0.8681,15.5218,grave,True
48.6,B2,124.89,0.8052,22.5478,grave,True
48.65,B2,124.21,0.8486,24.3705,grave,True
48.7,B2,123.19,0.886,23.9979,grave,True
48.75,B2,124.03,0.8369,23.3155,grave,True
48.8,B2,122.84,0.8593,24.1034,grave,True
48.85,B2,122.23,0.8698,25.7071,grave,True
48.9,B2,121.44,0.8455,25.881,grave,True
48.95,B2,122.54,0.8218,25.5617,grave,True
49.0,B2,122.24,0.8631,25.4006,grave,True
49.05,B2,121.7,0.8648,25.778,grave,True
49.1,B2,123.62,0.7971,25.7194,grave,True
49.15,B2,123.03,0.8369,25.4478,grave,True
49.2,B2,121.61,0.8558,25.6264,grave,True
49.25,B2,122.24,0.855,25.9002,grave,True
49.3,B2,123.5,0.7311,25.5896,grave,True
49.35,B2,121.93,0.8464,25.3647,grave,True
49.4,B2,122.42,0.8424,25.755,grave,True
49.45,B2,122.55,0.8051,25.7268,grave,True
49.5,B2,122.66,0.7091,25.3941,grave,True
49.55,B2,121.78,0.857,25.5944,grave,True
49.6,B2,121.77,0.8277,25.942,grave,True
49.65,B2,124.51,0.8602,25.6299,grave,True
49.7,B2,124.23,0.8526,25.295,grave,True
49.75,B2,121.54,0.8103,25.7679,grave,True
49.8,B2,122.6,0.8681,25.769,grave,True
49.85,B2,124.31,0.8421,25.4015,grave,True
49.9,B2,124.82,0.8642,25.5448,grave,True
49.95,B2,122.81,0.8058,25.9052,grave,True
50.0,B2,122.87,0.8588,25.7238,grave,True
50.05,B2,121.89,0.6983,25.2979,grave,True
50.1,B2,122.32,0.8608,25.7534,grave,True
50.15,B2,122.38,0.8226,25.7068,grave,True
50.2,B2,123.67,0.8215,22.6718,grave,True
50.25,B2,121.83,0.7866,18.3651,grave,True
50.3,B2,122.93,0.8231,15.2279,grave,True
50.35,B2,122.71,0.8247,11.8231,grave,True
50.4,B2,123.09,0.7465,6.741,grave,True
50.45,B2,122.82,0.7649,3.7028,grave,True
50.5,,,0.2282,4.2655,silencio,False
50.55,A2,110.79,0.818,10.7565,grave,True
50.6,A2,110.84,0.8663,18.257,grave,True
50.65,A2,111.3,0.8168,22.3337,grave,True
50.7,A2,110.91,0.8002,22.8657,grave,True
50.75,A2,110.47,0.8651,21.6467,grave,True
50.8,A2,109.65,0.8484,20.825,grave,True
50.85,A2,110.57,0.8113,21.0583,grave,True
50.9,A2,110.62,0.8209,22.8866,grave,True
50.95,A2,109.85,0.8641,23.7599,grave,True
51.0,A2,110.54,0.8477,23.7144,grave,True
51.05,A2,110.74,0.8171,23.4857,grave,True
51.1,A2,111.11,0.8342,23.7673,grave,True
51.15,A2,109.98,0.8353,23.7442,grave,True
51.2,A2,110.52,0.8372,23.7534,grave,True
51.25,A2,110.25,0.8616,23.7465,grave,True
51.3,A2,109.54,0.823,23.7389,grave,True
51.35,A2,110.27,0.8073,23.689,grave,True
51.4,A2,110.72,0.8231,23.7852,grave,True
51.45,A2,110.55,0.8943,23.626,grave,True
51.5,A2,110.46,0.7942,23.743,grave,True
51.55,A2,109.31,0.817,23.7392,grave,True
51.6,A2,109.78,0.8482,23.4009,grave,True
51.65,A2,110.9,0.8638,23.4538,grave,True
51.7,A2,110.27,0.8031,23.7354,grave,True
51.75,A2,111.54,0.8166,23.7048,grave,True
51.8,A2,111.11,0.8786,23.4757,grave,True
51.85,A2,109.93,0.8227,23.5541,grave,True
51.9,A2,110.27,0.8232,23.5893,grave,True
51.95,A2,110.58,0.815,23.5997,grave,True
52.0,A2,111.26,0.8967,23.7722,grave,True
52.05,A2,110.27,0.7927,23.5933,grave,True
52.1,A2,110.79,0.8345,23.4763,grave,True
52.15,A2,110.58,0.8657,23.4763,grave,True
52.2,A2,111.11,0.8812,23.7695,grave,True
52.25,A2,111.06,0.7796,23.651,grave,True
52.3,A2,110.43,0.8416,23.5743,grave,True
52.35,A2,109.58,0.8758,23.4186,grave,True
52.4,A2,109.31,0.8466,23.815,grave,True
52.45,A2,111.17,0.7384,23.7191,grave,True
52.5,A2,110.61,0.8485,23.6858,grave,True
52.55,A2,109.6,0.8639,23.9117,grave,True
52.6,A2,109.77,0.8521,23.0935,grave,True
52.65,A2,109.57,0.6781,20.1824,grave,True
52.7,A2,110.54,0.8367,15.6859,grave,True
52.75,A2,111.56,0.8679,13.2153,grave,True
52.8,A2,110.35,0.8564,10.7105,grave,True
52.85,,,0.0008,8.1527,silencio,False
52.9,,,0.0001,5.7005,silencio,False
52.95,,,0.0,3.3902,silencio,False
53.0,,,0.0004,6.1537,silencio,False
53.05,,,0.0,14.9514,silencio,False
53.1,,,0.0,21.2469,silencio,False
53.15,,,0.0,22.6785,silencio,False
53.2,,,0.0001,21.8995,silencio,False
53.25,,,0.0,21.0814,silencio,False
53.3,,,0.0,21.7145,silencio,False
53.35,,,0.0001,23.502,silencio,False
53.4,E4,322.58,0.8394,23.5238,medio-grave,True
53.45,E4,326.9,0.8606,23.6629,medio-grave,True
53.5,E4,329.5,0.8344,23.5566,medio-grave,True
53.55,E4,329.74,0.8628,23.5712,medio-grave,True
53.6,E4,324.22,0.8613,23.6451,medio-grave,True
53.65,E4,331.88,0.8868,23.5889,medio-agudo,True
53.7,E4,331.26,0.8653,23.5775,medio-agudo,True
53.75,E4,327.08,0.8806,23.5075,medio-grave,True
53.8,E4,327.37,0.895,23.5943,medio-grave,True
53.85,E4,331.3,0.8615,23.6419,medio-agudo,True
53.9,E4,329.55,0.8881,23.6288,medio-grave,True
53.95,E4,326.19,0.8544,23.6054,medio-grave,True
54.0,E4,324.95,0.8731,23.5778,medio-grave,True
54.05,E4,332.04,0.8326,23.6664,medio-agudo,True
54.1,E4,326.91,0.8641,23.586,medio-grave,True
54.15,E4,330.13,0.872,23.5357,medio-agudo,True
54.2,E4,328.83,0.8877,23.5164,medio-grave,True
54.25,E4,332.99,0.8814,23.5445,medio-agudo,True
54.3,E4,325.35,0.8938,23.58,medio-grave,True
54.35,E4,328.58,0.8869,23.554,medio-grave,True
54.4,E4,332.9,0.8682,23.4984,medio-agudo,True
54.45,E4,331.72,0.888,23.5596,medio-agudo,True
54.5,E4,328.67,0.8706,23.6232,medio-grave,True
54.55,E4,332.4,0.8733,23.5773,medio-agudo,True
54.6,E4,331.24,0.8575,23.6368,medio-agudo,True
54.65,E4,325.31,0.869,23.1964,medio-grave,True
54.7,E4,324.85,0.8699,20.7648,medio-grave,True
54.75,E4,331.31,0.8931,16.6851,medio-agudo,True
54.8,E4,332.76,0.8881,13.5873,medio-agudo,True
54.85,E4,327.03,0.8486,10.4784,medio-grave,True
54.9,E4,329.6,0.8551,7.4174,medio-grave,True
54.95,E4,330.55,0.8506,4.476,medio-agudo,True
55.0,,,0.0079,6.2919,silencio,False
55.05,G4,387.39,0.8582,15.7458,medio-agudo,True
55.1,G4,391.99,0.9239,23.1904,medio-agudo,True
55.15,G4,391.58,0.8915,25.1544,medio-agudo,True
55.2,G4,393.37,0.8565,24.1656,medio-agudo,True
55.25,G4,390.12,0.8676,23.2668,medio-agudo,True
55.3,G4,394.01,0.9128,24.6047,medio-agudo,True
55.35,G4,393.85,0.8928,26.0002,medio-agudo,True
55.4,G4,393.99,0.8169,26.094,medio-agudo,True
55.45,G4,396.35,0.9263,25.9912,medio-agudo,True
55.5,G4,390.2,0.8878,25.9732,medio-agudo,True
55.55,G4,396.95,0.8448,25.9737,medio-agudo,True
55.6,G4,394.25,0.7931,25.9895,medio-agudo,True
55.65,G4,391.4,0.9182,25.9329,medio-agudo,True
55.7,G4,395.06,0.8768,26.0369,medio-agudo,True
55.75,G4,394.36,0.7613,26.1619,medio-agudo,True
55.8,G4,390.58,0.8573,25.9763,medio-agudo,True
55.85,G4,397.22,0.8924,25.92,medio-agudo,True
55.9,G4,392.47,0.8969,26.0766,medio-agudo,True
55.95,G4,391.35,0.8734,26.0547,medio-agudo,True
56.0,G4,394.02,0.913,26.0105,medio-agudo,True
56.05,G4,395.31,0.8667,26.0221,medio-agudo,True
56.1,G4,393.89,0.8362,26.0799,medio-agudo,True
56.15,G4,393.03,0.7347,25.9783,medio-agudo,True
56.2,G4,393.68,0.9018,26.0232,medio-agudo,True
56.25,G4,395.43,0.8913,26.0902,medio-agudo,True
56.3,G4,391.86,0.8685,26.0258,medio-agudo,True
56.35,G4,390.31,0.8583,25.9291,medio-agudo,True
56.4,G4,394.25,0.8261,26.0163,medio-agudo,True
56.45,G4,392.07,0.914,26.0754,medio-agudo,True
56.5,G4,388.87,0.8464,26.0177,medio-agudo,True
56.55,G4,391.33,0.903,25.9805,medio-agudo,True
56.6,G4,397.04,0.8486,26.0436,medio-agudo,True
56.65,G4,391.05,0.8668,25.9382,medio-agudo,True
56.7,G4,389.91,0.8475,23.1001,medio-agudo,True
56.75,G4,392.65,0.8717,18.5358,medio-agudo,True
56.8,G4,392.94,0.8902,15.1503,medio-agudo,True
56.85,G4,391.35,0.6958,11.7815,medio-agudo,True
56.9,G4,393.12,0.8379,8.4397,medio-agudo,True
56.95,G4,396.25,0.8841,3.6652,medio-agudo,True
57.0,,,0.024,5.1294,silencio,False
57.05,B4,484.08,0.8706,13.1844,medio-agudo,True
57.1,B4,495.87,0.9282,22.273,medio-agudo,True
57.15,B4,495.63,0.9019,27.0685,medio-agudo,True
57.2,B4,485.43,0.8978,27.2983,medio-agudo,True
57.25,B4,493.54,0.9134,26.0779,medio-agudo,True
57.3,B4,491.81,0.9173,25.284,medio-agudo,True
57.35,B4,494.25,0.9199,25.6226,medio-agudo,True
57.4,B4,493.69,0.7493,27.4198,medio-agudo,True
57.45,B4,493.21,0.8864,28.3288,medio-agudo,True
57.5,B4,496.7,0.9107,28.2551,medio-agudo,True
57.55,B4,496.01,0.9131,28.346,medio-agudo,True
57.6,B4,498.91,0.7854,28.3533,medio-agudo,True
57.65,B4,495.39,0.9334,28.3115,medio-agudo,True
57.7,B4,493.87,0.9286,28.3392,medio-agudo,True
57.75,B4,492.29,0.8599,28.2847,medio-agudo,True
57.8,B4,497.53,0.8379,28.2968,medio-agudo,True
57.85,B4,495.9,0.9275,28.3366,medio-agudo,True
57.9,B4,492.36,0.929,28.2902,medio-agudo,True
57.95,B4,495.07,0.7869,28.2575,medio-agudo,True
58.0,B4,493.4,0.9101,28.3652,medio-agudo,True
58.05,B4,496.01,0.9195,28.3423,medio-agudo,True
58.1,B4,492.84,0.8886,28.2544,medio-agudo,True
58.15,B4,495.36,0.7762,28.3287,medio-agudo,True
58.2,B4,491.22,0.9137,28.2938,medio-agudo,True
58.25,B4,494.62,0.9238,28.343,medio-agudo,True
58.3,B4,496.26,0.8239,28.3114,medio-agudo,True
58.35,B4,496.53,0.8904,28.2603,medio-agudo,True
58.4,B4,493.72,0.9271,28.3205,medio-agudo,True
58.45,B4,495.62,0.9226,28.3287,medio-agudo,True
58.5,B4,492.58,0.8021,28.3223,medio-agudo,True
58.55,B4,497.61,0.9234,28.3499,medio-agudo,True
58.6,B4,495.54,0.9297,28.2051,medio-agudo,True
58.65,B4,498.07,0.8685,28.2903,medio-agudo,True
58.7,B4,491.69,0.7738,28.3702,medio-agudo,True
58.75,B4,495.73,0.9128,28.3707,medio-agudo,True
58.8,B4,492.06,0.9304,28.2944,medio-agudo,True
58.85,B4,495.67,0.7691,28.2885,medio-agudo,True
58.9,B4,492.96,0.9066,28.2572,medio-agudo,True
58.95,B4,493.93,0.9113,28.2828,medio-agudo,True
59.0,B4,498.65,0.8784,28.3789,medio-agudo,True
59.05,B4,495.08,0.7838,28.2592,medio-agudo,True
59.1,B4,494.66,0.9179,27.4929,medio-agudo,True
59.15,B4,498.82,0.8474,24.3372,medio-agudo,True
59.2,,,0.0,18.6142,silencio,False
59.25,,,0.0,15.634,silencio,False
59.3,,,0.0,12.7043,silencio,False
59.35,,,0.0,9.7631,silencio,False
59.4,,,0.0,6.8752,silencio,False
59.45,,,0.0,4.0335,silencio,False
59.5,,,0.0001,4.103,silencio,False
59.55,C6,1039.27,0.9113,18.8762,agudo,True
59.6,C6,1031.92,0.917,30.11,agudo,True
59.65,C6,1044.27,0.9246,35.0684,agudo,True
59.7,C6,1054.4,0.9152,34.6487,sobreagudo,True
59.75,C6,1049.08,0.8256,33.6697,sobreagudo,True
59.8,C6,1053.33,0.884,32.6799,sobreagudo,True
59.85,C6,1048.17,0.8983,33.2903,sobreagudo,True
59.9,C6,1046.67,0.9371,35.5276,agudo,True
59.95,C6,1054.53,0.7702,36.2851,sobreagudo,True
60.0,C6,1046.18,0.9301,36.2869,agudo,True
60.05,C6,1052.0,0.8758,36.2548,sobreagudo,True
60.1,C6,1043.04,0.9124,36.2643,agudo,True
60.15,C6,1047.25,0.8296,36.2667,sobreagudo,True
60.2,C6,1049.88,0.9269,36.3246,sobreagudo,True
60.25,C6,1038.73,0.9144,36.322,agudo,True
60.3,C6,1052.86,0.8238,36.2836,sobreagudo,True
60.35,C6,1047.56,0.9125,36.2754,sobreagudo,True
60.4,C6,1055.9,0.9035,36.2767,sobreagudo,True
60.45,C6,1046.57,0.9303,36.2556,agudo,True
60.5,C6,1044.24,0.7655,36.2731,agudo,True
60.55,C6,1052.31,0.9305,36.239,sobreagudo,True
60.6,C6,1052.79,0.8913,36.2763,sobreagudo,True
60.65,C6,1051.6,0.8917,36.317,sobreagudo,True
60.7,C6,1048.3,0.8267,36.3339,sobreagudo,True
60.75,C6,1057.8,0.9319,36.2772,sobreagudo,True
60.8,C6,1049.92,0.9247,36.2149,sobreagudo,True
60.85,C6,1058.88,0.8175,36.3418,sobreagudo,True
60.9,C6,1047.36,0.9189,36.3216,sobreagudo,True
60.95,C6,1059.45,0.9128,36.257,sobreagudo,True
61.0,C6,1045.75,0.9235,36.2604,agudo,True
61.05,C6,1052.22,0.7935,36.2416,sobreagudo,True
61.1,C6,1049.49,0.9334,36.2604,sobreagudo,True
61.15,C6,1052.56,0.9165,36.2694,sobreagudo,True
61.2,C6,1059.56,0.8848,36.3037,sobreagudo,True
61.25,C6,1052.51,0.8664,36.2485,sobreagudo,True
61.3,C6,1050.36,0.9307,36.2872,sobreagudo,True
61.35,C6,1047.31,0.9298,36.3057,sobreagudo,True
61.4,C6,1038.53,0.7917,36.2316,agudo,True
61.45,C6,1051.07,0.9259,36.2925,sobreagudo,True
61.5,C6,1051.44,0.9076,36.2786,sobreagudo,True
61.55,C6,1050.34,0.918,36.3184,sobreagudo,True
61.6,C6,1054.25,0.7997,34.7911,sobreagudo,True
61.65,C6,1050.85,0.93,30.2132,sobreagudo,True
61.7,C6,1050.49,0.916,25.1318,sobreagudo,True
61.75,C6,1051.79,0.8544,21.3257,sobreagudo,True
61.8,C6,1052.15,0.8738,17.5542,sobreagudo,True
61.85,C6,1043.83,0.926,11.8919,agudo,True
61.9,C6,1051.21,0.9379,8.1647,sobreagudo,True
61.95,C6,1036.05,0.8344,4.6048,agudo,True
62.0,B5,1006.4,0.5455,5.0471,agudo,True
62.05,B5,992.75,0.9164,14.1465,agudo,True
62.1,B5,983.13,0.8947,25.7099,agudo,True
62.15,B5,992.64,0.8631,33.5655,agudo,True
62.2,B5,998.98,0.9161,32.8458,agudo,True
62.25,B5,996.68,0.8988,31.8625,agudo,True
62.3,B5,992.49,0.8813,30.8841,agudo,True
62.35,B5,993.35,0.8975,30.9843,agudo,True
62.4,B5,991.79,0.9158,32.9998,agudo,True
62.45,B5,991.81,0.9173,34.4298,agudo,True
62.5,B5,997.05,0.8046,34.4915,agudo,True
62.55,B5,985.94,0.9278,34.5337,agudo,True
62.6,B5,1001.11,0.8968,34.457,agudo,True
62.65,B5,988.59,0.9065,34.4726,agudo,True
62.7,B5,987.93,0.8576,34.4931,agudo,True
62.75,B5,985.62,0.9314,34.4828,agudo,True
62.8,B5,997.14,0.9141,34.5197,agudo,True
62.85,B5,984.37,0.79,34.4924,agudo,True
62.9,B5,994.34,0.9022,34.4656,agudo,True
62.95,B5,993.53,0.8283,34.4709,agudo,True
63.0,B5,991.1,0.8994,34.5033,agudo,True
63.05,B5,987.45,0.7998,34.4598,agudo,True
63.1,B5,991.21,0.9345,34.5026,agudo,True
63.15,B5,994.31,0.8569,34.4616,agudo,True
63.2,B5,982.85,0.8994,34.4938,agudo,True
63.25,B5,993.86,0.8676,34.5216,agudo,True
63.3,B5,994.75,0.8977,34.4666,agudo,True
63.35,B5,988.03,0.9063,34.4307,agudo,True
63.4,B5,987.36,0.809,34.5015,agudo,True
63.45,B5,988.67,0.9312,34.4248,agudo,True
63.5,B5,984.18,0.8276,34.5363,agudo,True
63.55,B5,993.52,0.9076,34.5061,agudo,True
63.6,B5,992.13,0.7051,34.4811,agudo,True
63.65,B5,998.63,0.9303,34.4839,agudo,True
63.7,B5,991.03,0.8972,34.4522,agudo,True
63.75,B5,986.83,0.8689,34.4825,agudo,True
63.8,B5,995.16,0.8541,34.5156,agudo,True
63.85,B5,990.15,0.9089,34.4531,agudo,True
63.9,B5,985.69,0.915,34.474,agudo,True
63.95,B5,989.03,0.8066,34.5048,agudo,True
64.0,B5,998.57,0.9197,34.4853,agudo,True
64.05,B5,999.48,0.9181,34.4791,agudo,True
64.1,B5,998.93,0.9086,32.4613,agudo,True
64.15,B5,996.87,0.8288,27.8007,agudo,True
64.2,B5,992.4,0.9245,23.2986,agudo,True
64.25,B5,987.49,0.8869,19.6833,agudo,True
64.3,B5,983.73,0.8721,17.8833,agudo,True
64.35,B5,987.28,0.8802,12.4988,agudo,True
64.4,B5,992.03,0.8824,8.9346,agudo,True
64.45,B5,992.88,0.8681,3.8657,agudo,True
64.5,,,0.0883,6.0656,silencio,False
64.55,A5,882.73,0.9127,10.3577,agudo,True
64.6,A5,883.75,0.9257,26.4157,agudo,True
64.65,A5,876.78,0.8962,32.0298,agudo,True
64.7,A5,881.25,0.8911,32.1689,agudo,True
64.75,A5,879.45,0.9377,30.7862,agudo,True
64.8,A5,882.51,0.9388,30.2649,agudo,True
64.85,A5,877.41,0.8536,30.3428,agudo,True
64.9,A5,879.92,0.9234,32.4198,agudo,True
64.95,A5,883.62,0.9343,33.4262,agudo,True
65.0,A5,883.92,0.933,33.4697,agudo,True
65.05,A5,875.24,0.8457,33.4758,agudo,True
65.1,A5,882.64,0.937,33.522,agudo,True
65.15,A5,881.96,0.936,33.4001,agudo,True
65.2,A5,890.16,0.8708,33.4379,agudo,True
65.25,A5,876.54,0.9059,33.4831,agudo,True
65.3,A5,888.83,0.9388,33.4815,agudo,True
65.35,A5,879.68,0.9423,33.5043,agudo,True
65.4,A5,881.77,0.8608,33.5026,agudo,True
65.45,A5,882.7,0.9358,33.4062,agudo,True
65.5,A5,885.66,0.9377,33.4798,agudo,True
65.55,A5,889.59,0.9144,33.4701,agudo,True
65.6,A5,889.61,0.8743,33.4194,agudo,True
65.65,A5,882.22,0.9448,33.4767,agudo,True
65.7,A5,885.55,0.9369,33.5171,agudo,True
65.75,A5,886.29,0.8434,33.4874,agudo,True
65.8,A5,876.65,0.8903,33.462,agudo,True
65.85,A5,881.06,0.9241,33.4184,agudo,True
65.9,A5,880.27,0.9375,33.4519,agudo,True
65.95,A5,885.65,0.8201,33.4842,agudo,True
66.0,A5,883.64,0.9185,33.4917,agudo,True
66.05,A5,878.59,0.9288,33.4691,agudo,True
66.1,A5,885.18,0.8875,33.4678,agudo,True
66.15,A5,879.4,0.8421,33.4351,agudo,True
66.2,A5,886.25,0.9165,33.4397,agudo,True
66.25,A5,882.5,0.9357,33.4817,agudo,True
66.3,A5,886.78,0.8013,33.4987,agudo,True
66.35,A5,881.57,0.9045,33.4754,agudo,True
66.4,A5,882.15,0.9152,33.4404,agudo,True
66.45,A5,887.9,0.9403,33.4377,agudo,True
66.5,A5,884.56,0.7308,33.4681,agudo,True
66.55,A5,881.97,0.9371,33.498,agudo,True
66.6,A5,888.41,0.918,33.4369,agudo,True
66.65,A5,882.22,0.8855,28.7158,agudo,True
66.7,A5,876.64,0.8505,22.0097,agudo,True
66.75,A5,883.34,0.9274,18.5326,agudo,True
66.8,A5,877.26,0.9313,15.0306,agudo,True
66.85,A5,886.7,0.7972,13.2789,agudo,True
66.9,A5,890.66,0.9072,8.08,agudo,True
66.95,A5,897.46,0.8335,4.7532,agudo,True
67.0,,,0.0024,3.7195,silencio,False
67.05,C6,1018.54,0.8665,15.7535,agudo,True
67.1,C6,1053.94,0.9342,21.0493,sobreagudo,True
67.15,C6,1048.77,0.8887,33.8055,sobreagudo,True
67.2,C6,1047.97,0.8756,35.5294,sobreagudo,True
67.25,C6,1049.08,0.8364,34.7534,sobreagudo,True
67.3,C6,1044.24,0.9268,33.9136,agudo,True
67.35,C6,1041.39,0.9302,33.026,agudo,True
67.4,C6,1055.8,0.801,31.9732,sobreagudo,True
67.45,C6,1049.99,0.9249,34.2322,sobreagudo,True
67.5,C6,1050.86,0.9113,36.4632,sobreagudo,True
67.55,C6,1050.14,0.9155,36.4471,sobreagudo,True
67.6,C6,1056.75,0.8169,36.4764,sobreagudo,True
67.65,C6,1053.37,0.9357,36.4069,sobreagudo,True
67.7,C6,1045.94,0.9157,36.4216,agudo,True
67.75,C6,1042.18,0.8455,36.4617,agudo,True
67.8,C6,1051.44,0.8917,36.4576,sobreagudo,True
67.85,C6,1043.82,0.9247,36.4497,agudo,True
67.9,C6,1057.73,0.9336,36.4531,sobreagudo,True
67.95,C6,1040.4,0.8079,36.4116,agudo,True
68.0,C6,1045.31,0.9308,36.4211,agudo,True
68.05,C6,1041.46,0.9032,36.4729,agudo,True
68.1,C6,1054.86,0.9041,36.4459,sobreagudo,True
68.15,C6,1054.35,0.8351,36.4491,sobreagudo,True
68.2,C6,1043.87,0.9339,36.451,agudo,True
68.25,C6,1058.16,0.926,36.4454,sobreagudo,True
68.3,C6,1048.63,0.8423,36.4569,sobreagudo,True
68.35,C6,1048.91,0.9015,36.403,sobreagudo,True
68.4,C6,1055.54,0.9174,36.492,sobreagudo,True
68.45,C6,1057.19,0.936,36.3859,sobreagudo,True
68.5,C6,1045.84,0.784,36.4625,agudo,True
68.55,C6,1047.96,0.9242,36.4878,sobreagudo,True
68.6,C6,1045.06,0.9069,36.3988,agudo,True
68.65,C6,1042.76,0.9011,36.4384,agudo,True
68.7,C6,1048.9,0.8556,36.4115,sobreagudo,True
68.75,C6,1043.14,0.9288,36.4343,agudo,True
68.8,C6,1046.46,0.9324,36.4691,agudo,True
68.85,C6,1049.85,0.8379,36.4539,sobreagudo,True
68.9,C6,1054.14,0.9148,36.4617,sobreagudo,True
68.95,C6,1041.46,0.9005,36.486,agudo,True
69.0,C6,1051.35,0.9304,36.4409,sobreagudo,True
69.05,C6,1052.43,0.8096,36.4835,sobreagudo,True
69.1,C6,1049.59,0.9258,36.4941,sobreagudo,True
69.15,C6,1049.95,0.9123,36.448,sobreagudo,True
69.2,C6,1049.41,0.8725,36.4465,sobreagudo,True
69.25,C6,1048.18,0.8711,36.4773,sobreagudo,True
69.3,C6,1049.56,0.9168,36.4148,sobreagudo,True
69.35,C6,1058.77,0.9302,36.4985,sobreagudo,True
69.4,C6,1043.78,0.8162,36.4491,agudo,True
69.45,C6,1045.48,0.9202,36.4264,agudo,True
69.5,C6,1051.01,0.8964,36.4223,sobreagudo,True
69.55,C6,1058.32,0.919,33.6344,sobreagudo,True
69.6,C6,1058.55,0.8081,28.7162,sobreagudo,True
69.65,C6,1047.64,0.9259,23.5117,sobreagudo,True
69.7,C6,1046.87,0.9105,20.298,agudo,True
69.75,C6,1044.11,0.8317,17.1211,agudo,True
69.8,C6,1048.37,0.8687,13.9438,sobreagudo,True
69.85,C6,1048.68,0.9069,10.7871,sobreagudo,True
69.9,C6,1029.48,0.8739,9.2258,agudo,True
69.95,,,0.0002,4.6201,silencio,False
70.0,,,0.0001,6.2817,silencio,False
70.05,G5,794.37,0.9028,15.5486,agudo,True
70.1,G5,786.41,0.9028,25.7789,agudo,True
70.15,G5,782.59,0.7816,28.912,agudo,True
70.2,G5,786.11,0.8931,30.5783,agudo,True
70.25,G5,786.14,0.8761,29.7141,agudo,True
70.3,G5,787.17,0.8362,28.3518,agudo,True
70.35,G5,788.65,0.8404,29.0479,agudo,True
70.4,G5,787.63,0.8509,30.0342,agudo,True
70.45,G5,783.17,0.9098,31.9458,agudo,True
70.5,G5,783.83,0.7661,31.9441,agudo,True
70.55,G5,791.3,0.9,31.9965,agudo,True
70.6,G5,783.72,0.8485,31.9524,agudo,True
70.65,G5,788.58,0.895,31.9038,agudo,True
70.7,G5,790.22,0.8173,31.9353,agudo,True
70.75,G5,782.33,0.8941,31.9557,agudo,True
70.8,G5,784.17,0.8835,31.9522,agudo,True
70.85,G5,783.08,0.8341,31.941,agudo,True
70.9,G5,785.01,0.8869,31.9984,agudo,True
70.95,G5,779.3,0.8719,31.9411,agudo,True
71.0,G5,780.54,0.9058,31.9198,agudo,True
71.05,G5,786.3,0.8273,31.8664,agudo,True
71.1,G5,792.55,0.9055,31.944,agudo,True
71.15,G5,779.15,0.8663,31.9205,agudo,True
71.2,G5,788.34,0.8819,31.9418,agudo,True
71.25,G5,785.38,0.8606,31.9162,agudo,True
71.3,G5,786.52,0.8757,31.9272,agudo,True
71.35,G5,782.07,0.8952,31.9303,agudo,True
71.4,G5,786.37,0.8331,31.9453,agudo,True
71.45,G5,792.42,0.8919,31.9187,agudo,True
71.5,G5,789.65,0.8609,31.9423,agudo,True
71.55,G5,783.06,0.9058,31.9182,agudo,True
71.6,G5,788.8,0.8516,31.9861,agudo,True
71.65,G5,787.75,0.9021,31.9626,agudo,True
71.7,G5,784.54,0.8715,31.9591,agudo,True
71.75,G5,792.07,0.8725,31.8988,agudo,True
71.8,G5,789.18,0.8868,31.8564,agudo,True
71.85,G5,789.18,0.869,31.9095,agudo,True
71.9,G5,783.56,0.9048,31.9654,agudo,True
71.95,G5,786.71,0.8359,31.9576,agudo,True
72.0,G5,785.61,0.9036,31.9717,agudo,True
72.05,G5,789.54,0.8538,31.9423,agudo,True
72.1,G5,786.68,0.897,30.8653,agudo,True
72.15,G5,786.28,0.8429,27.0129,agudo,True
72.2,G5,786.29,0.8931,22.4264,agudo,True
72.25,G5,782.25,0.8819,17.4491,agudo,True
72.3,G5,791.16,0.8366,14.0789,agudo,True
72.35,G5,781.49,0.8772,10.7769,agudo,True
72.4,G5,785.31,0.8657,7.5179,agudo,True
72.45,G5,781.35,0.7929,4.3569,agudo,True
72.5,,,0.0029,4.6663,silencio,False
72.55,E5,660.07,0.9055,14.0492,agudo,True
72.6,E5,668.17,0.8907,27.188,agudo,True
72.65,E5,660.08,0.8896,28.4712,agudo,True
72.7,E5,658.53,0.8642,27.4053,medio-agudo,True
72.75,E5,662.72,0.9051,26.3748,agudo,True
72.8,E5,657.69,0.9052,27.575,medio-agudo,True
72.85,E5,662.97,0.8262,29.358,agudo,True
72.9,E5,662.23,0.8827,29.6711,agudo,True
72.95,E5,661.27,0.8582,29.566,agudo,True
73.0,E5,658.54,0.9051,29.5872,medio-agudo,True
73.05,E5,663.0,0.8124,29.6925,agudo,True
73.1,E5,664.63,0.9047,29.6517,agudo,True
73.15,E5,662.97,0.8693,29.6821,agudo,True
73.2,E5,655.55,0.8619,29.6439,medio-agudo,True
73.25,E5,662.68,0.8565,29.6318,agudo,True
73.3,E5,664.74,0.8514,29.6891,agudo,True
73.35,E5,663.23,0.9065,29.6349,agudo,True
73.4,E5,655.52,0.9034,29.6618,medio-agudo,True
73.45,E5,654.81,0.9083,29.7146,medio-agudo,True
73.5,E5,659.61,0.8573,29.6095,medio-agudo,True
73.55,E5,658.4,0.8872,29.5787,medio-agudo,True
73.6,E5,657.5,0.7806,29.6434,medio-agudo,True
73.65,E5,663.17,0.9092,29.6839,agudo,True
73.7,E5,661.73,0.9069,29.7042,agudo,True
73.75,E5,657.73,0.811,29.6898,medio-agudo,True
73.8,E5,663.24,0.8834,29.7195,agudo,True
73.85,E5,656.33,0.9042,29.6289,medio-agudo,True
73.9,E5,660.59,0.9279,29.5953,agudo,True
73.95,E5,666.19,0.8171,29.6066,agudo,True
74.0,E5,663.17,0.9081,29.655,agudo,True
74.05,E5,664.23,0.89,29.6214,agudo,True
74.1,E5,664.85,0.897,29.7053,agudo,True
74.15,E5,658.71,0.8517,29.7127,medio-agudo,True
74.2,E5,663.83,0.9214,27.6507,agudo,True
74.25,E5,663.0,0.8956,20.4773,agudo,True
74.3,E5,663.99,0.8579,16.6305,agudo,True
74.35,E5,656.22,0.8755,12.751,medio-agudo,True
74.4,E5,661.35,0.9158,8.9721,agudo,True
74.45,E5,650.96,0.889,7.0668,medio-agudo,True
74.5,,,0.0002,4.2415,silencio,False
74.55,C5,532.05,0.736,18.392,medio-agudo,True
74.6,C5,523.2,0.9169,25.6921,medio-agudo,True
74.65,C5,523.56,0.9069,27.2392,medio-agudo,True
74.7,C5,522.29,0.8705,26.771,medio-agudo,True
74.75,C5,523.17,0.9209,25.193,medio-agudo,True
74.8,C5,527.9,0.9253,26.2389,medio-agudo,True
74.85,C5,524.48,0.8655,28.3274,medio-agudo,True
74.9,C5,525.18,0.9083,28.3376,medio-agudo,True
74.95,C5,529.46,0.9204,28.2994,medio-agudo,True
75.0,C5,530.65,0.9216,28.2875,medio-agudo,True
75.05,C5,522.17,0.8383,28.3349,medio-agudo,True
75.1,C5,525.77,0.9249,28.4046,medio-agudo,True
75.15,C5,523.79,0.9153,28.3599,medio-agudo,True
75.2,C5,527.39,0.8872,28.2915,medio-agudo,True
75.25,C5,522.01,0.8806,28.2807,medio-agudo,True
75.3,C5,525.34,0.9234,28.3701,medio-agudo,True
75.35,C5,520.83,0.9277,28.3475,medio-agudo,True
75.4,C5,525.03,0.8558,28.2711,medio-agudo,True
75.45,C5,529.89,0.9224,28.3753,medio-agudo,True
75.5,C5,522.81,0.9163,28.3488,medio-agudo,True
75.55,C5,525.98,0.9103,28.3325,medio-agudo,True
75.6,C5,528.69,0.8605,28.3699,medio-agudo,True
75.65,C5,526.36,0.9289,28.3793,medio-agudo,True
75.7,C5,523.35,0.9188,28.2675,medio-agudo,True
75.75,C5,525.02,0.8486,28.345,medio-agudo,True
75.8,C5,525.47,0.8891,28.3679,medio-agudo,True
75.85,C5,521.62,0.9195,28.3422,medio-agudo,True
75.9,C5,523.06,0.921,28.3345,medio-agudo,True
75.95,C5,522.99,0.812,28.2953,medio-agudo,True
76.0,C5,525.42,0.9182,28.2861,medio-agudo,True
76.05,C5,527.21,0.911,28.3355,medio-agudo,True
76.1,C5,523.44,0.8952,28.3902,medio-agudo,True
76.15,C5,529.96,0.8374,27.9638,medio-agudo,True
76.2,C5,522.18,0.9171,24.8406,medio-agudo,True
76.25,C5,525.56,0.9129,19.8264,medio-agudo,True
76.3,C5,525.24,0.8211,16.165,medio-agudo,True
76.35,C5,525.66,0.88,12.4688,medio-agudo,True
76.4,C5,522.3,0.8842,8.8163,medio-agudo,True
76.45,C5,528.48,0.9042,5.2759,medio-agudo,True
76.5,,,0.0102,6.6844,silencio,False
76.55,A4,444.44,0.7743,16.41,medio-agudo,True
76.6,A4,447.87,0.8906,23.6229,medio-agudo,True
76.65,A4,443.19,0.8956,25.3512,medio-agudo,True
76.7,A4,438.64,0.8064,24.4754,medio-agudo,True
76.75,A4,441.51,0.9157,23.9338,medio-agudo,True
76.8,A4,443.83,0.9165,24.1875,medio-agudo,True
76.85,A4,441.95,0.7819,26.2973,medio-agudo,True
76.9,A4,440.32,0.8854,26.4262,medio-agudo,True
76.95,A4,445.83,0.8654,26.3058,medio-agudo,True
77.0,A4,444.07,0.9414,26.3249,medio-agudo,True
77.05,A4,437.56,0.7434,26.3149,medio-agudo,True
77.1,A4,440.61,0.9268,26.3094,medio-agudo,True
77.15,A4,441.64,0.8727,26.4077,medio-agudo,True
77.2,A4,441.2,0.9088,26.2869,medio-agudo,True
77.25,A4,439.6,0.8394,26.3184,medio-agudo,True
77.3,A4,441.45,0.9259,26.3439,medio-agudo,True
77.35,A4,443.88,0.9295,26.2909,medio-agudo,True
77.4,A4,442.9,0.8464,26.3526,medio-agudo,True
77.45,A4,445.52,0.9034,26.4211,medio-agudo,True
77.5,A4,444.08,0.8865,26.2849,medio-agudo,True
77.55,A4,445.37,0.9296,26.3395,medio-agudo,True
77.6,A4,438.57,0.8126,26.373,medio-agudo,True
77.65,A4,445.67,0.9281,26.2928,medio-agudo,True
77.7,A4,443.54,0.9116,26.2447,medio-agudo,True
77.75,A4,444.33,0.8987,26.3682,medio-agudo,True
77.8,A4,441.75,0.8822,26.2987,medio-agudo,True
77.85,A4,440.49,0.926,26.3106,medio-agudo,True
77.9,A4,439.0,0.943,26.3387,medio-agudo,True
77.95,A4,444.46,0.8669,26.312,medio-agudo,True
78.0,A4,440.52,0.9249,26.2696,medio-agudo,True
78.05,A4,440.12,0.9189,26.3174,medio-agudo,True
78.1,A4,443.01,0.9231,26.3104,medio-agudo,True
78.15,A4,442.34,0.8596,26.0831,medio-agudo,True
78.2,A4,438.73,0.9375,23.2776,medio-agudo,True
78.25,A4,437.53,0.9356,21.2072,medio-agudo,True
78.3,A4,441.08,0.8733,15.1957,medio-agudo,True
78.35,A4,440.59,0.9055,11.8308,medio-agudo,True
78.4,A4,441.08,0.9227,8.3926,medio-agudo,True
78.45,A4,431.8,0.8294,3.5935,medio-agudo,True
78.5,G4,395.47,0.5274,3.8874,medio-agudo,True
78.55,G4,394.44,0.9153,17.8356,medio-agudo,True
78.6,G4,391.57,0.9036,23.087,medio-agudo,True
78.65,G4,392.63,0.849,22.7943,medio-agudo,True
78.7,G4,390.74,0.8567,22.3077,medio-agudo,True
78.75,G4,390.73,0.8989,23.4684,medio-agudo,True
78.8,G4,395.86,0.9037,24.4501,medio-agudo,True
78.85,G4,393.68,0.773,24.5285,medio-agudo,True
78.9,G4,390.9,0.9213,24.5787,medio-agudo,True
78.95,G4,394.64,0.8508,24.5745,medio-agudo,True
79.0,G4,394.85,0.8904,24.5207,medio-agudo,True
79.05,G4,393.46,0.7314,24.5531,medio-agudo,True
79.1,G4,392.31,0.9157,24.4725,medio-agudo,True
79.15,G4,392.79,0.9062,24.6006,medio-agudo,True
79.2,G4,395.05,0.7942,24.5637,medio-agudo,True
79.25,G4,391.35,0.8296,24.5187,medio-agudo,True
79.3,G4,397.06,0.8801,24.5525,medio-agudo,True
79.35,G4,392.21,0.9119,24.5364,medio-agudo,True
79.4,G4,389.13,0.8408,24.4998,medio-agudo,True
79.45,G4,395.53,0.9224,24.525,medio-agudo,True
79.5,G4,391.19,0.852,24.6159,medio-agudo,True
79.55,G4,389.45,0.886,24.5785,medio-agudo,True
79.6,G4,393.92,0.6946,24.4661,medio-agudo,True
79.65,G4,392.56,0.9112,24.5463,medio-agudo,True
79.7,G4,390.16,0.9079,24.6046,medio-agudo,True
79.75,G4,391.16,0.7344,22.8976,medio-agudo,True
79.8,G4,394.34,0.8301,18.5582,medio-agudo,True
79.85,G4,392.83,0.8922,13.771,medio-agudo,True
79.9,G4,395.73,0.9262,9.6361,medio-agudo,True
79.95,G4,387.36,0.7856,5.546,medio-agudo,True
80.0,,,0.0794,3.8666,silencio,False
80.05,E4,331.76,0.8695,6.4226,medio-agudo,True
80.1,E4,325.46,0.8764,20.0626,medio-grave,True
80.15,E4,325.75,0.8638,20.8382,medio-grave,True
80.2,E4,328.83,0.8762,20.0541,medio-grave,True
80.25,E4,329.36,0.8821,19.3724,medio-grave,True
80.3,E4,328.8,0.8741,19.6753,medio-grave,True
80.35,E4,328.25,0.8937,21.5327,medio-grave,True
80.4,E4,331.75,0.8328,21.75,medio-agudo,True
80.45,E4,330.61,0.8902,21.7432,medio-agudo,True
80.5,E4,329.53,0.848,21.8075,medio-grave,True
80.55,E4,331.34,0.8672,21.8012,medio-agudo,True
80.6,E4,330.96,0.8391,21.7431,medio-agudo,True
80.65,E4,324.23,0.8849,21.746,medio-grave,True
80.7,E4,326.51,0.8812,21.7296,medio-grave,True
80.75,E4,328.74,0.8669,21.7661,medio-grave,True
80.8,E4,330.92,0.8899,21.8703,medio-agudo,True
80.85,E4,324.75,0.8872,21.7137,medio-grave,True
80.9,E4,327.01,0.8848,21.7754,medio-grave,True
80.95,E4,332.4,0.8509,21.7801,medio-agudo,True
81.0,E4,330.49,0.8708,21.7491,medio-agudo,True
81.05,E4,328.86,0.8714,21.7997,medio-grave,True
81.1,E4,333.1,0.8812,21.6941,medio-agudo,True
81.15,E4,331.72,0.8655,21.7391,medio-agudo,True
81.2,E4,327.6,0.8694,21.7903,medio-grave,True
81.25,E4,326.96,0.8834,21.777,medio-grave,True
81.3,E4,328.37,0.8876,21.7785,medio-grave,True
81.35,E4,327.79,0.8932,21.7321,medio-grave,True
81.4,E4,333.0,0.724,21.7995,medio-agudo,True
81.45,E4,331.14,0.8579,21.8742,medio-agudo,True
81.5,E4,332.4,0.877,21.7629,medio-agudo,True
81.55,E4,329.77,0.8399,21.8516,medio-grave,True
81.6,E4,330.84,0.7793,21.7185,medio-agudo,True
81.65,E4,331.36,0.8987,21.7768,medio-agudo,True
81.7,E4,327.11,0.8727,18.8113,medio-grave,True
81.75,E4,329.19,0.8517,15.113,medio-grave,True
81.8,E4,327.77,0.8824,13.6052,medio-grave,True
81.85,E4,333.23,0.8901,9.4085,medio-agudo,True
81.9,E4,330.93,0.8627,6.5733,medio-agudo,True
81.95,E4,320.78,0.6732,3.8639,medio-grave,True
82.0,,,0.0131,2.629,silencio,False
82.05,C4,266.18,0.8585,7.2861,medio-grave,True
82.1,C4,261.99,0.8298,16.6322,medio-grave,True
82.15,C4,262.09,0.7437,19.3596,medio-grave,True
82.2,C4,262.55,0.8877,19.1167,medio-grave,True
82.25,C4,262.31,0.8803,18.5969,medio-grave,True
82.3,C4,260.59,0.7601,18.0893,medio-grave,True
82.35,C4,262.5,0.8265,18.3873,medio-grave,True
82.4,C4,262.57,0.8603,19.6445,medio-grave,True
82.45,C4,263.29,0.8505,20.0847,medio-grave,True
82.5,C4,261.63,0.7418,19.9665,medio-grave,True
82.55,C4,262.42,0.8891,20.0934,medio-grave,True
82.6,C4,260.8,0.8646,20.0765,medio-grave,True
82.65,C4,259.45,0.8522,19.9292,medio-grave,True
82.7,C4,259.84,0.8555,20.1026,medio-grave,True
82.75,C4,262.78,0.8834,19.9969,medio-grave,True
82.8,C4,260.52,0.8901,20.0322,medio-grave,True
82.85,C4,259.54,0.8423,20.0393,medio-grave,True
82.9,C4,259.77,0.8405,20.1429,medio-grave,True
82.95,C4,262.46,0.8181,20.1479,medio-grave,True
83.0,C4,264.87,0.857,20.0922,medio-grave,True
83.05,C4,260.03,0.8482,19.9764,medio-grave,True
83.1,C4,264.06,0.8934,19.8633,medio-grave,True
83.15,C4,262.06,0.8672,20.0969,medio-grave,True
83.2,C4,260.78,0.8478,20.1931,medio-grave,True
83.25,C4,257.62,0.8569,20.0168,medio-grave,True
83.3,C4,262.46,0.8426,20.0292,medio-grave,True
83.35,C4,262.75,0.8951,20.0004,medio-grave,True
83.4,C4,260.14,0.8109,20.0163,medio-grave,True
83.45,C4,263.64,0.8618,20.0176,medio-grave,True
83.5,C4,264.76,0.8258,20.094,medio-grave,True
83.55,C4,258.57,0.8355,20.1312,medio-grave,True
83.6,C4,257.92,0.8277,20.0443,medio-grave,True
83.65,C4,262.28,0.8862,20.0029,medio-grave,True
83.7,C4,264.38,0.8979,19.9096,medio-grave,True
83.75,C4,258.89,0.8301,19.9551,medio-grave,True
83.8,C4,258.51,0.8451,20.1024,medio-grave,True
83.85,C4,260.82,0.877,20.0577,medio-grave,True
83.9,C4,263.05,0.885,20.0686,medio-grave,True
83.95,C4,258.62,0.8377,20.0836,medio-grave,True
84.0,C4,262.97,0.8782,20.0822,medio-grave,True
84.05,C4,261.69,0.8815,19.982,medio-grave,True
84.1,C4,260.45,0.845,20.0027,medio-grave,True
84.15,C4,262.61,0.7109,16.7348,medio-grave,True
84.2,C4,263.32,0.8747,13.8155,medio-grave,True
84.25,C4,263.43,0.892,11.7668,medio-grave,True
84.3,C4,257.82,0.8437,9.7025,medio-grave,True
84.35,C4,259.04,0.8298,7.5709,medio-grave,True
84.4,C4,261.8,0.8895,4.5117,medio-grave,True
84.45,C4,259.15,0.7229,2.5502,medio-grave,True
84.5,,,0.1245,2.6404,silencio,False
84.55,A3,222.01,0.8998,7.4427,medio-grave,True
84.6,A3,220.09,0.8685,10.4444,medio-grave,True
84.65,A3,220.08,0.8877,17.6487,medio-grave,True
84.7,A3,221.78,0.892,17.2093,medio-grave,True
84.75,A3,218.35,0.8836,16.7434,medio-grave,True
84.8,A3,219.6,0.8961,16.2033,medio-grave,True
84.85,A3,220.26,0.8441,15.9545,medio-grave,True
84.9,A3,219.92,0.9027,17.4036,medio-grave,True
84.95,A3,220.76,0.8562,18.1841,medio-grave,True
85.0,A3,222.74,0.9157,18.0688,medio-grave,True
85.05,A3,221.88,0.8404,18.0735,medio-grave,True
85.1,A3,220.53,0.9132,18.1621,medio-grave,True
85.15,A3,221.36,0.8668,18.1919,medio-grave,True
85.2,A3,219.71,0.8744,18.0773,medio-grave,True
85.25,A3,222.41,0.8648,18.0326,medio-grave,True
85.3,A3,219.15,0.902,18.0406,medio-grave,True
85.35,A3,220.08,0.9069,18.0731,medio-grave,True
85.4,A3,221.49,0.8182,18.1647,medio-grave,True
85.45,A3,221.49,0.901,18.1022,medio-grave,True
85.5,A3,220.85,0.8635,18.1015,medio-grave,True
85.55,A3,221.85,0.8838,18.1162,medio-grave,True
85.6,A3,220.16,0.8293,18.0168,medio-grave,True
85.65,A3,220.07,0.9117,18.0642,medio-grave,True
85.7,A3,220.28,0.8592,18.1425,medio-grave,True
85.75,A3,220.05,0.8345,18.2215,medio-grave,True
85.8,A3,220.39,0.8583,18.0118,medio-grave,True
85.85,A3,221.09,0.8833,18.0246,medio-grave,True
85.9,A3,220.64,0.8824,18.0875,medio-grave,True
85.95,A3,221.73,0.799,18.2187,medio-grave,True
86.0,A3,219.97,0.8821,18.1053,medio-grave,True
86.05,A3,221.47,0.8574,18.0448,medio-grave,True
86.1,A3,219.0,0.8521,18.0848,medio-grave,True
86.15,A3,220.55,0.8013,18.1565,medio-grave,True
86.2,A3,222.68,0.8584,18.1624,medio-grave,True
86.25,A3,220.58,0.8674,18.0641,medio-grave,True
86.3,A3,220.93,0.7724,18.1277,medio-grave,True
86.35,A3,222.25,0.8559,18.1853,medio-grave,True
86.4,A3,219.11,0.8184,18.1334,medio-grave,True
86.45,A3,221.07,0.879,18.0362,medio-grave,True
86.5,A3,220.72,0.721,18.0928,medio-grave,True
86.55,A3,221.0,0.8756,18.1065,medio-grave,True
86.6,A3,219.86,0.8203,17.0522,medio-grave,True
86.65,A3,220.9,0.8273,14.4873,medio-grave,True
86.7,A3,219.05,0.7655,12.2069,medio-grave,True
86.75,A3,219.32,0.8449,10.3251,medio-grave,True
86.8,A3,221.37,0.8454,8.4642,medio-grave,True
86.85,A3,220.45,0.7419,6.579,medio-grave,True
86.9,A3,220.68,0.8281,5.5746,medio-grave,True
86.95,A3,221.24,0.8123,2.0169,medio-grave,True
87.0,G♯3,203.55,0.64,2.5186,medio-grave,True
87.05,G3,195.9,0.7914,6.372,medio-grave,True
87.1,G3,197.45,0.9256,11.1408,medio-grave,True
87.15,G3,197.62,0.7566,13.2783,medio-grave,True
87.2,G3,196.45,0.8962,16.0364,medio-grave,True
87.25,G3,196.33,0.8101,15.459,medio-grave,True
87.3,G3,196.87,0.8772,15.1392,medio-grave,True
87.35,G3,196.77,0.8387,14.797,medio-grave,True
87.4,G3,195.17,0.8638,14.6004,medio-grave,True
87.45,G3,197.18,0.9007,15.2628,medio-grave,True
87.5,G3,198.38,0.8388,16.3188,medio-grave,True
87.55,G3,195.46,0.888,16.3528,medio-grave,True
87.6,G3,197.34,0.8622,16.4059,medio-grave,True
87.65,G3,197.36,0.9153,16.4366,medio-grave,True
87.7,G3,197.62,0.8407,16.3402,medio-grave,True
87.75,G3,196.02,0.8751,16.3441,medio-grave,True
87.8,G3,196.8,0.8842,16.3732,medio-grave,True
87.85,G3,197.44,0.9001,16.4414,medio-grave,True
87.9,G3,196.13,0.8921,16.4646,medio-grave,True
87.95,G3,195.41,0.8725,16.3214,medio-grave,True
88.0,G3,197.49,0.9241,16.3879,medio-grave,True
88.05,G3,197.34,0.8925,16.4504,medio-grave,True
88.1,G3,197.16,0.9109,16.5145,medio-grave,True
88.15,G3,196.87,0.911,16.3393,medio-grave,True
88.2,G3,196.15,0.9274,16.3959,medio-grave,True
88.25,G3,196.76,0.9043,16.4187,medio-grave,True
88.3,G3,195.73,0.9029,16.4975,medio-grave,True
88.35,G3,197.96,0.9323,16.5169,medio-grave,True
88.4,G3,195.58,0.9211,16.3832,medio-grave,True
88.45,G3,197.73,0.9064,16.4184,medio-grave,True
88.5,G3,198.67,0.8875,16.4727,medio-grave,True
88.55,G3,198.01,0.9302,16.48,medio-grave,True
88.6,G3,195.94,0.9107,16.2866,medio-grave,True
88.65,G3,195.42,0.8953,16.4085,medio-grave,True
88.7,G3,196.08,0.8973,16.4595,medio-grave,True
88.75,G3,197.09,0.9247,16.4468,medio-grave,True
88.8,G3,198.01,0.9099,16.4518,medio-grave,True
88.85,G3,196.83,0.8811,16.3314,medio-grave,True
88.9,G3,197.74,0.905,16.3542,medio-grave,True
88.95,G3,198.51,0.9009,16.453,medio-grave,True
89.0,G3,198.82,0.8938,16.4452,medio-grave,True
89.05,G3,196.74,0.8798,16.3386,medio-grave,True
89.1,G3,195.25,0.9012,16.2735,medio-grave,True
89.15,G3,196.45,0.9128,16.3766,medio-grave,True
89.2,G3,195.21,0.8359,16.3792,medio-grave,True
89.25,G3,195.68,0.903,16.3415,medio-grave,True
89.3,G3,196.36,0.8502,16.3141,medio-grave,True
89.35,G3,196.75,0.9124,16.4103,medio-grave,True
89.4,G3,197.65,0.8066,16.3967,medio-grave,True
89.45,G3,196.95,0.9155,16.4787,medio-grave,True
89.5,G3,195.73,0.8553,16.4907,medio-grave,True
89.55,G3,197.73,0.8927,14.5038,medio-grave,True
89.6,G3,198.39,0.8318,12.2367,medio-grave,True
89.65,G3,197.09,0.885,10.8412,medio-grave,True
89.7,G3,196.82,0.8762,9.4326,medio-grave,True
89.75,G3,197.29,0.817,7.9423,medio-grave,True
89.8,G3,197.52,0.8979,6.5285,medio-grave,True
89.85,G3,196.09,0.8114,4.3876,medio-grave,True
89.9,G3,196.36,0.9163,3.0065,medio-grave,True
89.95,G3,195.44,0.8666,1.6491,medio-grave,True
90.0,G3,193.45,0.4789,1.0578,medio-grave,True
